Manufacturer,Engine size,Fuel type,Mileage,Price
1,2.0,2,75843,14661
1,1.0,2,39855,15346
4,1.4,2,58793,16569
1,1.0,2,60872,11782
1,1.4,2,25890,16124
1,1.4,0,151107,5921
1,1.2,2,141158,3017
4,2.0,2,256559,654
4,1.6,2,254497,637
4,1.4,2,124315,1962
3,1.4,2,99624,9462
3,1.8,2,24243,45564
1,1.4,2,67853,9274
2,3.5,2,66112,14679
1,1.6,0,204392,2061
1,2.0,0,52278,21740
0,4.4,2,226046,2956
4,1.2,2,179669,1121
0,4.0,2,179523,6340
1,1.2,2,10787,24183
4,2.0,2,151516,1765
1,1.8,2,7069,50035
0,4.4,2,66783,20664
4,1.6,2,53178,20796
4,2.0,2,149679,3055
0,5.0,2,48360,72017
4,1.6,0,335933,488
3,1.4,1,60162,19376
4,1.6,0,141227,7247
4,1.8,0,12727,43711
4,1.6,0,168156,1263
4,1.8,0,258079,1300
4,1.8,2,10429,21202
1,1.0,2,82739,7791
4,1.8,0,160405,2368
1,1.2,0,59473,9798
4,2.0,2,17810,23636
4,1.8,2,149439,2021
1,2.0,0,50192,14764
1,1.4,0,84523,14681
1,1.0,1,132325,4630
4,1.2,2,13399,24478
4,1.4,0,204312,2135
0,4.4,2,28558,106073
1,1.8,2,104129,8713
1,2.0,0,120861,8500
1,1.0,0,37668,13886
4,2.0,2,158259,2822
0,4.4,2,80694,54652
1,1.8,2,40412,21320
3,1.4,1,83852,6078
2,2.0,2,30577,36313
0,4.4,2,131870,8623
4,1.2,2,68648,15967
0,2.4,2,64363,4636
1,1.4,2,109081,3557
1,1.4,0,120794,10517
0,4.0,2,73374,44852
3,1.4,1,221685,781
1,1.0,2,144731,2503
4,2.0,0,87586,11378
4,1.8,0,143309,5066
2,2.6,2,75584,55021
0,3.0,2,26947,49022
3,1.2,1,13000,7167
4,1.2,0,142092,2824
1,1.4,0,125810,5935
3,1.8,1,267533,1054
4,1.2,2,113136,5586
4,1.8,0,81107,12073
1,2.0,1,116033,6695
3,1.8,2,218176,2121
3,1.4,1,31268,20238
1,1.0,2,14063,33627
3,2.2,1,12245,18184
1,2.0,0,88401,12235
2,2.0,2,31715,50347
1,2.0,2,115289,13471
1,1.8,2,74439,10755
1,1.0,0,30415,19461
0,3.0,0,150375,3510
4,2.0,2,124215,3401
3,1.4,2,32667,21935
4,2.0,0,7782,57759
3,1.0,2,70212,4719
3,1.0,1,56508,12895
4,1.8,2,261776,857
2,2.6,0,20147,76182
4,1.6,2,119964,2478
1,2.0,0,152497,2107
4,1.6,2,23068,27848
2,2.2,2,98571,8129
2,3.0,2,178957,5344
4,2.0,2,74235,15517
3,2.2,1,50676,45234
4,2.0,0,64859,5119
4,1.6,0,85142,5015
3,2.0,1,150156,7193
4,1.2,2,127723,3223
1,2.0,0,75930,18620
3,1.4,1,72136,19139
4,1.6,0,204379,2328
3,1.0,1,121904,5068
1,1.4,2,144214,3304
3,2.2,1,100268,23140
4,2.0,2,100014,5486
4,1.2,2,93242,7608
1,1.6,2,27362,28322
3,1.2,2,150704,2830
1,1.6,0,137896,4132
1,2.0,2,71933,19655
4,1.4,2,23181,23449
3,1.0,2,14288,23473
4,1.6,0,40807,13043
2,2.2,2,197665,4159
0,2.0,2,107786,11272
4,2.0,1,158502,2898
3,2.4,2,65742,11508
4,1.4,2,127882,2330
0,5.0,2,141846,20197
4,1.4,2,253413,764
4,1.4,0,38275,25058
3,1.2,2,9500,9702
1,2.0,0,162098,2930
2,4.0,2,315780,1261
3,1.8,1,86326,15075
1,1.4,2,64052,7010
1,1.6,0,48378,22764
1,2.0,2,265644,1267
1,1.4,1,127386,2735
4,1.6,1,149511,2984
4,1.8,1,45478,25455
1,1.2,0,17474,26189
3,1.2,2,97903,7263
4,1.8,2,220298,2284
3,2.2,1,130265,12350
0,4.0,2,35712,84916
4,2.0,2,91647,6229
4,2.0,2,59114,6608
3,1.2,2,174912,1892
4,2.0,2,141499,5406
0,3.0,0,136897,3913
4,1.6,0,66410,16414
1,1.6,0,39007,31463
4,1.4,1,67009,11482
1,1.4,2,142454,5295
4,1.2,2,143978,3236
0,2.4,0,101946,11639
1,1.8,2,160937,4827
4,1.6,2,213048,1572
1,1.4,2,89346,7205
4,2.0,2,60192,14062
1,1.4,2,131412,4024
3,1.2,2,105738,4300
3,1.4,1,193852,1588
1,1.4,2,113037,2545
1,1.6,1,21913,39675
4,1.0,0,20186,18516
4,1.8,2,13747,35512
0,2.2,2,44338,14903
1,1.8,0,90545,10694
4,1.4,2,109380,2685
4,1.0,2,43193,13510
1,2.0,0,20508,44695
1,2.0,0,182754,2784
3,1.4,1,132042,6331
3,2.2,1,111548,7829
3,1.8,1,63768,18782
0,5.0,2,58820,72066
1,1.6,2,79437,5031
1,1.4,0,21689,35075
3,1.8,1,113809,7954
3,2.4,1,114858,13594
4,2.0,0,234644,1243
3,1.8,1,49042,28792
1,1.8,0,104544,6058
3,1.0,2,12783,23662
4,2.0,2,193710,1464
3,2.2,1,93056,8969
3,2.4,1,180527,5713
2,4.0,2,139842,5532
1,1.6,0,171716,3156
0,5.0,2,221986,4268
4,1.4,2,146951,1434
3,1.4,1,110159,8010
4,1.0,2,25353,17134
1,1.8,0,32884,18987
0,4.4,2,121512,27166
1,1.8,2,38101,30169
4,1.6,2,188501,2498
4,1.6,2,93297,5151
1,1.2,2,58798,1770
3,1.4,1,73872,4100
1,1.2,2,108120,4456
4,1.6,2,124529,2656
1,1.2,2,92067,4102
0,2.0,2,241081,1258
1,1.4,2,105952,8104
1,1.2,2,14875,23663
4,1.2,2,155201,2584
4,1.0,0,88166,7560
1,2.0,0,128006,3133
3,1.0,1,42803,11447
1,1.0,2,168148,1535
1,1.6,2,253067,648
4,2.0,2,151349,3443
4,1.8,2,159277,3881
4,1.4,2,269218,769
3,1.4,2,142566,3988
1,1.0,2,101470,6196
3,1.4,1,261605,704
1,1.4,1,94408,15642
1,1.0,2,174926,1893
1,1.2,2,253878,578
4,2.0,2,54598,15580
4,1.6,2,25526,27467
3,1.4,2,25267,17527
3,2.4,1,165700,3112
1,1.6,2,84529,4856
1,1.0,2,48101,11950
3,1.8,1,110892,8692
3,1.2,2,205747,1354
1,1.4,0,82462,13933
3,2.0,1,170237,4983
1,1.2,2,174683,786
0,4.0,2,214739,3120
3,2.2,1,311342,1181
3,1.8,1,189974,3733
4,2.0,2,4229,42054
1,1.8,0,59936,15183
2,4.0,2,40361,45357
3,1.4,1,154365,3315
1,1.6,0,83961,10659
3,2.2,1,133730,9839
4,1.6,0,35019,22813
4,2.0,2,73586,8627
3,1.4,2,97286,4046
0,4.0,2,22013,119898
1,1.4,0,7810,42784
4,1.4,0,71904,18080
1,1.2,2,202093,925
3,2.2,1,272683,1142
4,1.2,1,122762,5099
4,2.0,2,122133,8391
3,2.0,1,77772,21186
0,2.2,2,169327,5922
4,1.0,2,34229,17406
4,1.2,2,75044,10252
3,1.0,1,32170,31004
1,1.2,1,75266,9435
0,3.0,0,101501,13055
1,2.0,2,61298,17106
1,2.0,0,70202,12248
3,1.4,1,126743,6628
1,1.4,2,187363,1442
1,1.8,2,98420,6090
0,2.2,2,262082,1161
3,1.0,2,12792,7617
1,1.2,2,205423,1531
0,2.4,2,57884,34025
4,1.4,0,82676,12034
2,4.0,2,67288,25651
0,2.4,0,87995,13757
4,1.2,2,202440,1675
4,1.4,0,36967,31473
1,1.4,0,131404,5680
2,3.5,2,157266,13499
3,1.4,1,38251,25363
1,1.6,0,43895,28580
0,2.0,2,53491,27457
2,4.0,2,5000,65380
4,1.4,2,14043,28165
0,4.0,2,91165,37081
3,2.0,1,259192,1613
1,1.4,0,143716,4215
0,3.0,2,9500,21202
3,2.0,1,93930,16553
3,2.4,1,105587,9769
1,1.4,0,57649,21472
1,2.0,0,174141,6733
3,1.8,1,101693,18128
1,1.2,2,287457,422
1,1.8,2,38689,30063
4,2.0,0,8087,43287
1,1.8,0,69223,7267
3,1.8,1,156820,6713
4,1.6,0,108662,8167
1,1.6,0,10870,36852
2,3.0,2,222539,3410
3,1.2,2,61838,12159
3,1.4,1,77436,13286
4,1.4,2,224581,871
1,1.6,2,96108,14849
4,1.4,2,189363,1898
4,2.0,2,20155,21210
4,1.4,2,155879,2696
1,1.6,2,80723,13432
3,1.0,2,19453,21352
1,1.0,2,125866,4339
2,2.4,2,92725,11175
4,1.8,0,64697,18821
1,1.2,2,166014,2459
4,1.4,2,121447,5057
4,1.4,1,197146,1630
3,1.4,1,107081,7701
1,1.0,2,149380,4878
4,2.0,2,141040,3276
1,1.0,2,145745,3849
1,2.0,2,192045,2469
0,2.4,0,144238,6871
3,1.0,2,26137,18004
4,2.0,0,97001,8784
1,1.4,2,207999,1679
1,2.0,0,46986,25671
4,1.6,2,117653,5103
0,2.4,2,95436,10873
3,1.8,1,16431,55491
4,1.8,2,298113,621
4,1.8,2,8397,28548
2,2.4,2,135042,9909
0,3.0,2,77844,29164
0,2.0,0,104527,14548
3,2.0,1,94325,15441
3,1.2,1,47924,20806
0,2.4,2,195638,3092
1,1.4,0,87259,7677
1,1.4,2,280925,485
1,2.0,0,51724,28482
1,1.0,2,85335,11093
3,1.8,1,221068,3461
4,1.6,2,192142,2587
0,2.0,2,218545,1886
4,1.2,2,178757,1735
4,2.0,0,112623,6224
1,2.0,0,112247,8994
1,2.0,0,95536,13285
3,1.8,1,23214,36863
4,2.0,0,186903,3178
3,2.2,2,172966,3484
0,4.0,2,122888,11515
2,3.0,2,59076,47240
0,2.2,2,172095,2599
1,2.0,1,28243,45758
1,1.6,2,45204,29130
3,2.2,1,7694,66097
4,1.0,2,144169,2414
4,1.4,2,69950,7682
2,3.0,2,75374,48458
1,2.0,0,93406,6117
3,1.4,1,133563,5121
4,2.0,2,112462,3583
4,1.2,2,138063,3393
1,1.2,2,33969,18606
1,1.0,2,71409,9994
4,1.6,0,278872,963
4,1.0,2,68872,4822
3,1.8,1,91023,8232
4,1.2,2,294369,272
4,1.4,2,143465,2352
1,1.4,0,164874,3099
3,2.2,1,48900,42787
3,1.4,1,89908,3431
3,1.4,1,32938,31962
3,1.8,2,132672,6123
3,2.0,2,67101,23171
3,2.2,1,178569,3985
2,2.4,2,246989,2355
1,1.8,1,177356,2139
3,1.2,1,168805,1713
4,1.6,0,77547,5491
1,1.4,2,54142,13615
1,2.0,0,83311,15630
3,1.0,1,18083,35874
1,1.4,2,67643,7823
3,1.2,1,28673,28494
0,5.0,2,42356,43828
1,1.6,2,135618,6832
4,1.4,2,36718,26271
3,1.0,1,19572,22410
4,1.8,2,125327,7611
1,1.2,2,55959,14238
4,1.2,2,85901,9789
0,2.4,0,128970,5943
1,1.8,0,203586,2516
2,2.6,2,228766,3912
4,1.6,2,155998,4592
3,1.4,1,156440,3062
4,1.8,2,98573,4472
0,2.0,0,30685,43196
4,2.0,0,51044,30220
3,1.0,1,237489,1655
1,2.0,0,49974,30780
1,1.2,2,11541,25748
4,1.6,2,178764,2989
1,1.8,0,160925,4150
4,2.0,0,244304,1300
4,1.4,2,158028,2088
0,3.0,2,60108,17692
4,1.4,2,19166,27395
3,1.0,1,73789,6723
3,2.4,1,87154,20341
3,1.8,1,55761,24157
0,4.4,2,117191,22991
4,2.0,0,173089,3416
1,1.8,0,50842,27170
3,1.0,1,200134,2166
1,1.4,2,91093,8691
1,1.6,1,44722,25121
1,1.2,2,160915,2933
3,1.0,1,187437,2956
1,1.0,0,166171,3900
1,1.4,2,103983,10044
3,1.4,1,46052,25864
1,1.0,2,22191,13015
3,2.0,1,108302,13936
1,1.2,2,66436,11642
4,1.6,2,162092,4988
1,2.0,2,190008,2513
2,2.0,2,27744,48185
2,3.0,0,14658,78873
0,2.4,0,184904,1798
4,1.4,2,44859,10607
3,1.4,1,32176,39212
4,1.6,2,84142,13978
1,1.6,0,30215,31274
1,1.4,0,143966,1962
1,1.2,0,18077,24419
4,1.6,0,256568,609
4,2.0,0,221104,728
4,1.8,2,151004,2606
4,2.0,2,170237,2340
3,2.0,1,151702,6644
1,1.4,0,38211,27663
3,2.0,1,123838,8299
3,2.2,1,99740,19019
1,1.4,2,31550,31591
4,1.8,2,204831,1439
3,1.4,2,116826,8895
4,2.0,2,75629,10793
3,1.4,2,163275,1973
0,3.0,0,203940,1701
4,1.8,0,174542,1537
4,1.4,2,87947,10825
2,3.0,2,54406,45594
1,1.4,2,22587,22077
4,1.2,2,127426,1611
4,1.6,2,76984,8060
0,3.0,2,127972,6493
3,1.0,1,174374,5273
3,1.0,2,52525,11780
1,1.2,2,39796,12050
3,2.4,1,141717,8438
0,2.4,0,31766,50267
1,2.0,1,140940,6790
3,1.0,1,125282,3537
4,1.0,0,207339,1480
1,1.0,2,97557,8897
4,1.6,2,179107,1339
3,1.0,1,47048,20325
4,1.8,0,103016,13477
1,1.0,2,13497,33729
2,3.0,2,85258,26589
3,1.4,1,138391,5655
3,1.2,1,39516,19163
3,1.8,1,68833,21350
2,3.0,2,60300,29432
4,2.0,0,167457,1966
1,1.4,2,232121,693
1,1.0,1,85131,12472
4,1.4,2,260477,404
4,2.0,2,65083,4687
4,1.4,0,8366,30212
4,2.0,2,36346,15245
4,1.2,2,75272,2273
0,5.0,2,152949,6788
1,1.2,2,144351,3143
1,1.8,0,60696,14971
3,1.0,1,9787,40087
4,1.6,2,135839,2673
0,2.0,2,113696,7726
4,2.0,2,134878,5867
1,1.6,0,269084,1141
4,1.2,0,76244,12200
3,1.0,1,206633,1127
3,1.0,1,162881,1757
4,1.2,2,81447,8033
2,4.0,2,84406,21357
3,1.0,1,184975,3241
4,1.2,2,198793,1276
1,1.4,0,196763,1688
1,1.8,0,93986,15566
2,2.0,2,206584,3542
4,1.2,2,188493,2642
4,1.0,2,143595,2963
1,1.4,2,84644,2739
3,1.8,1,186047,3862
4,1.6,2,180293,2415
0,2.4,2,143474,3932
3,2.2,1,70710,21806
3,1.4,1,51588,28557
0,3.0,2,55630,25869
3,1.0,1,50482,16290
4,1.6,0,172795,3773
4,2.0,0,130619,7715
3,2.4,2,33955,46559
0,2.0,2,42759,7873
3,2.4,2,93805,19746
4,1.2,2,321290,266
1,1.4,0,146613,3183
2,3.5,2,54382,40326
3,1.4,2,117252,1913
1,1.2,2,138809,1578
0,2.4,2,15028,46830
4,1.0,0,90781,5318
4,1.6,0,94297,8321
2,4.0,2,108834,25878
4,1.2,2,42711,12990
3,2.0,1,58239,41113
4,1.8,0,70262,22156
3,1.4,2,57164,18889
1,1.2,2,210126,861
1,2.0,0,58911,18240
2,3.0,2,68093,39031
1,1.6,2,214376,1586
3,1.4,1,116321,4794
4,1.4,2,145350,2572
4,1.6,2,120820,6083
3,1.8,1,102206,15805
4,1.8,0,56367,13948
3,1.8,2,54043,27332
1,2.0,0,232431,1791
3,1.2,1,140745,3681
2,2.6,2,158481,15038
4,1.2,2,32728,19235
3,2.0,1,173913,5518
1,1.8,2,155687,4453
4,1.4,0,145901,1623
0,5.0,2,53645,25633
3,1.4,1,58413,20946
1,1.6,2,66163,18269
4,1.6,2,99701,7337
3,1.4,1,188308,2658
4,2.0,2,111586,2869
4,1.4,0,113197,5542
4,1.8,2,189798,1756
4,2.0,2,29084,25359
4,1.2,2,139884,3713
4,1.4,0,90765,13885
4,2.0,0,124610,8086
4,1.0,2,7799,20141
1,1.0,1,162550,2207
4,1.6,0,142700,5863
1,2.0,2,236635,1356
1,2.0,0,105468,11556
4,1.8,2,21444,34750
3,2.2,2,20840,54875
3,1.4,1,137724,7391
3,1.4,1,67769,15158
2,3.0,2,36704,41542
4,1.6,0,206193,1755
0,3.0,2,16353,63494
1,2.0,0,139651,6417
4,1.4,2,29749,5167
1,2.0,0,87542,11515
4,1.6,2,22653,27912
1,1.2,2,147465,1472
2,3.5,0,1500,104240
1,1.4,0,154757,2114
1,1.2,2,177417,1600
1,1.2,2,75848,8372
3,1.4,1,20700,32186
0,3.0,2,153782,3309
4,1.0,2,214329,777
1,1.4,2,45386,17560
3,1.2,1,260847,983
1,1.0,2,97817,5014
3,2.0,1,78262,21115
1,1.4,0,181389,2543
4,1.4,2,46554,15660
1,1.0,2,44697,16552
4,2.0,2,84852,4550
1,2.0,0,66451,19843
3,1.0,1,98204,9071
3,1.8,1,59434,16907
4,1.8,2,122489,4879
4,1.6,0,133863,3723
3,1.4,1,10276,38901
1,1.0,2,53211,3726
3,1.2,1,46358,17199
1,1.6,2,105403,9940
4,1.6,2,34434,20572
1,1.4,1,20791,24315
1,2.0,0,30339,34622
0,2.0,0,229375,1650
4,1.8,2,123334,7231
1,1.4,2,106734,4256
0,2.2,2,54671,31105
4,1.2,2,178696,1057
3,2.4,1,120468,9331
3,1.8,1,155737,4087
0,5.0,2,80926,29863
0,3.0,2,18677,51332
4,2.0,2,33870,20196
3,2.4,1,26632,58275
1,1.4,2,23489,18674
3,2.4,1,66516,26761
3,1.2,2,46338,13410
0,5.0,2,131670,19169
4,1.2,0,30223,25994
3,1.4,1,166963,2454
1,1.0,2,331165,170
3,1.4,1,17843,37357
4,1.2,2,103123,6196
1,1.4,2,231782,874
2,2.6,2,150311,5543
1,2.0,2,136930,6246
4,1.4,0,19171,32584
4,2.0,2,107300,4821
4,1.4,2,73749,4833
3,2.0,1,34532,58082
1,2.0,1,160457,5065
4,2.0,2,258967,731
2,2.0,2,101766,15235
0,2.4,2,56202,18875
1,1.8,2,279656,863
4,1.6,2,98757,5293
4,1.6,0,36899,27007
4,1.2,2,16261,24105
3,1.8,1,134560,9187
0,2.0,0,192345,2996
1,1.4,2,17934,33790
3,1.8,2,19030,41045
4,1.4,0,116002,6762
3,1.0,1,141981,5283
1,1.2,2,155142,3076
0,2.2,2,133258,9719
1,1.8,0,297635,585
4,1.2,2,50426,9219
4,1.4,0,109384,10605
4,1.6,1,110332,6919
3,1.8,1,148945,4043
3,1.8,1,121201,6837
2,3.5,2,144961,10698
3,1.8,1,121012,10918
1,1.6,2,95478,13955
4,1.4,2,136183,4251
3,1.0,2,80408,8576
4,1.8,2,27009,18116
4,1.6,2,58040,18486
0,2.0,0,58451,29860
1,1.4,0,66272,13608
1,1.6,0,17129,25771
3,1.4,1,88811,18232
0,4.4,2,172030,9255
0,3.0,0,30285,49606
3,1.4,2,98372,7818
3,1.8,1,28643,53333
4,1.4,2,40742,17342
4,1.6,0,149336,5197
4,1.0,2,150725,2989
1,1.2,2,176537,1010
3,1.0,2,169299,1214
4,1.6,0,257253,1179
0,2.4,2,5685,64221
1,1.8,2,172891,1620
4,1.8,0,37169,28600
3,1.8,1,42527,22950
3,1.8,1,219451,2003
3,1.8,1,206390,3947
3,1.4,2,152378,3223
4,1.6,2,25563,23140
0,5.0,2,256429,2384
1,2.0,0,170060,2080
2,2.2,2,33668,41379
4,2.0,0,37354,28172
3,2.4,1,175805,2339
3,1.4,2,23959,24642
1,1.2,2,212113,1033
0,2.4,2,144738,9898
3,2.0,1,118694,9867
0,2.2,2,120332,6741
0,2.2,2,32319,40706
3,2.2,1,127248,8477
1,1.4,0,155787,2395
3,2.2,1,189507,3626
0,2.2,2,126777,8373
2,2.0,2,169078,3074
1,1.8,0,176575,2301
2,4.0,2,219671,2140
0,5.0,2,215858,5508
4,1.6,2,82771,12244
3,1.4,1,64768,15395
3,1.8,1,49086,36164
4,1.6,0,127627,6477
1,1.6,2,69915,16670
4,1.2,0,150997,3808
3,2.4,1,34815,59423
4,2.0,2,10376,40735
0,4.0,2,123913,19474
1,1.6,0,189248,2715
1,1.2,2,251928,589
0,2.4,0,133087,7027
3,1.0,1,32437,27092
1,2.0,2,86405,14567
0,2.0,2,163280,5557
0,5.0,2,24740,115545
4,2.0,0,84987,16172
1,2.0,0,117678,5063
1,1.0,0,80248,9510
4,1.2,2,79277,6013
1,2.0,0,224907,1585
3,1.0,1,118288,4875
1,1.4,2,179340,2710
1,1.6,0,20246,32777
0,3.0,2,7052,71296
4,1.2,2,90194,4561
4,2.0,2,53944,17368
1,1.6,0,78647,11059
1,1.2,2,114598,3250
1,1.8,0,33896,30100
3,1.0,1,51808,14139
4,1.6,2,69396,11077
3,1.2,1,218765,848
4,1.4,2,198390,1176
4,1.2,0,213686,1098
3,1.8,1,112787,14200
1,1.6,1,46758,26520
4,1.4,2,114415,4893
3,1.2,2,38333,8826
3,1.0,2,142823,1414
4,1.4,2,78921,9714
0,2.0,2,194849,2000
1,1.8,2,166994,4332
4,1.2,2,114202,3971
3,2.0,1,225889,2049
1,1.8,2,23578,37482
0,5.0,2,49117,71680
4,1.6,2,13000,7254
1,1.0,2,51060,12541
3,1.4,1,164524,4859
1,2.0,2,241288,2347
4,1.6,2,88199,5930
0,4.0,2,30277,93686
4,2.0,2,43810,17807
4,1.4,1,111578,4298
1,1.4,0,109403,10036
4,1.4,2,190899,2614
4,2.0,2,116754,10681
1,1.6,0,24200,36976
1,1.4,2,216526,629
1,1.6,0,93083,6209
0,2.4,2,94952,16571
4,1.2,2,33619,19135
4,1.6,2,11252,28589
1,1.8,0,86686,14350
3,1.8,2,71702,5257
4,1.6,0,279453,878
2,2.6,2,129563,21707
3,1.0,1,142066,3799
3,1.8,2,51097,27842
4,1.6,0,184988,3370
0,2.4,0,56012,33224
1,1.4,0,164015,3121
4,1.0,0,98432,4708
1,1.4,1,124109,5627
0,2.0,0,36974,19999
1,1.6,0,124184,5675
1,1.8,0,137030,5763
3,1.0,1,57740,5724
4,1.4,2,220879,842
1,1.4,2,123993,3266
1,1.2,2,142625,1636
0,2.0,2,104140,9482
4,1.4,0,136439,4049
1,1.6,0,211247,2073
3,1.4,1,130003,6044
3,1.2,1,139795,4239
4,1.8,0,87802,11521
1,1.2,2,34439,15192
4,1.6,0,44190,11615
1,1.4,2,92475,6848
4,2.0,2,147935,2899
1,2.0,0,113677,7284
2,2.4,2,97742,18372
4,1.6,2,282692,990
3,2.4,1,178645,2440
1,2.0,0,211208,2029
3,1.8,1,125903,8052
4,1.8,0,154253,4634
4,1.6,0,98528,10057
4,1.0,2,108972,3630
4,1.8,2,35478,25737
3,1.8,1,6068,64448
4,1.8,1,105901,5810
1,1.6,0,99510,5544
3,1.8,1,140396,7675
3,1.0,1,28087,26099
1,1.2,2,112874,4299
0,5.0,2,161690,8812
1,1.8,2,215820,1661
4,1.0,2,77923,4849
3,1.2,2,48324,7270
1,1.8,0,48312,10853
1,1.8,0,18926,37432
1,1.2,2,141829,2626
1,1.6,1,30152,40482
1,1.4,2,86718,4782
1,2.0,0,216603,1708
4,1.6,2,91360,5075
1,1.2,2,98473,3207
1,1.0,2,245221,698
3,1.8,2,69129,12723
1,1.4,2,120357,5727
1,1.4,2,151753,2719
1,2.0,0,112327,10978
1,1.8,0,183162,2632
3,1.0,1,165194,4666
3,1.0,1,105966,4702
0,3.0,0,155080,4124
4,1.2,2,156636,3119
1,2.0,2,112716,4422
3,1.4,2,103197,9217
3,1.2,2,202857,1587
3,2.2,1,66511,33453
1,1.0,2,31527,10803
0,3.0,0,27962,43995
3,1.0,2,341124,178
1,2.0,2,29586,14048
3,1.8,1,257711,1155
3,1.4,1,166279,4479
1,1.2,2,167313,2276
4,2.0,0,98902,14641
3,1.8,1,102009,23613
3,2.0,1,130656,6443
1,1.0,2,20540,19594
3,1.8,1,139267,4856
3,2.0,2,69276,19988
3,1.0,1,25641,18961
3,2.4,1,146972,2975
1,1.4,2,74758,7972
3,1.8,1,61747,23911
1,1.4,2,67366,13881
1,1.8,2,89407,11840
3,1.0,1,5361,46869
1,1.8,1,167259,4498
3,2.2,1,126947,10378
1,1.6,0,57517,5665
1,1.4,0,69868,16229
3,2.4,1,165782,10326
3,1.2,1,184014,2565
1,1.0,2,108395,2084
4,1.6,0,204728,1455
0,2.4,2,31247,35026
4,1.4,0,137601,5345
4,1.4,2,59836,21303
4,1.6,0,40464,18084
4,2.0,0,99554,9137
4,1.2,2,128889,3414
4,1.6,2,240418,1052
1,1.0,0,183182,1621
1,2.0,0,8345,54510
4,1.0,2,135155,1740
4,1.0,2,75518,4314
0,3.0,2,285750,728
3,2.4,1,156430,4390
3,1.0,1,27839,27817
3,2.4,2,77119,19427
1,1.0,2,61615,7859
3,1.4,1,1500,38074
1,1.2,2,290376,257
3,1.8,1,44489,37201
1,1.0,2,132671,4113
4,1.6,2,151243,2007
3,1.2,2,29951,23572
1,1.8,0,309010,525
1,1.6,2,118142,6853
3,1.0,1,105030,7064
1,1.6,2,129215,7253
0,4.0,2,127393,7453
3,1.8,1,137432,7859
4,1.6,2,60402,15934
1,1.0,2,127300,3074
4,1.4,0,38599,20893
1,1.4,2,23181,24423
1,1.4,2,37048,18464
1,1.8,0,164699,4957
1,1.2,2,67812,8266
1,1.6,2,34758,25389
0,2.2,2,39840,26103
3,2.4,2,47694,37520
3,1.8,1,29805,14928
3,1.8,1,231649,1569
1,1.8,2,78169,17873
1,1.0,2,63373,9490
3,1.4,1,38867,23743
4,1.8,0,215317,2560
3,1.2,2,95160,9049
3,2.0,1,46665,47262
4,1.4,0,57352,16285
1,1.4,2,124812,2486
1,2.0,2,43230,26987
1,1.0,2,268571,460
1,1.4,2,114381,6657
1,1.8,0,79200,5612
4,1.2,2,19635,22140
0,4.0,2,42262,93312
3,1.0,1,143411,4571
0,2.0,2,169937,3765
0,2.0,0,125022,5981
4,1.4,2,81710,4892
3,2.0,1,152620,4725
1,2.0,0,23215,34034
1,1.4,2,28081,23757
3,1.8,1,54455,19191
1,1.2,2,260718,444
1,1.4,0,45752,23133
4,2.0,2,236388,954
3,1.8,1,40074,34747
2,2.0,2,214651,2067
1,1.8,0,30787,37433
0,2.0,0,46512,23062
0,4.0,2,43043,62254
0,3.0,2,102066,21106
4,1.4,2,137208,4777
1,1.4,2,41495,14721
4,1.0,2,178854,1808
1,1.6,0,118507,3938
4,2.0,2,13577,33748
4,1.8,2,153174,2560
3,2.0,1,52349,42680
3,2.0,2,40447,35795
3,1.0,1,174037,1496
1,1.0,2,69191,8544
4,2.0,0,58488,23602
3,1.4,1,17029,30721
4,2.0,0,81158,16609
1,2.0,0,206817,2972
3,2.0,1,202340,4610
0,4.4,2,161878,11519
0,2.4,2,103758,6532
0,2.4,0,223777,1456
1,2.0,0,177155,2237
1,1.8,0,217619,1943
1,1.2,2,51896,14608
1,1.2,2,57344,14113
1,1.4,0,149597,4055
1,1.2,2,28524,20524
1,1.0,2,47774,2762
2,2.4,2,202850,3509
1,1.4,1,98518,12431
3,2.4,1,279370,980
1,1.2,2,64297,4063
3,2.4,2,22633,46461
1,1.0,2,178953,1760
0,2.4,0,47782,16803
3,2.4,1,33033,60045
1,1.8,0,190931,2302
3,1.2,2,132072,3756
1,1.8,0,110990,6658
3,1.8,1,48371,19935
4,1.8,2,169775,2382
1,1.4,0,50433,19668
0,4.4,2,77277,52343
4,1.6,0,43848,20421
4,2.0,0,140922,3414
1,1.4,1,40166,19776
4,2.0,2,264040,774
0,2.4,0,148720,5074
1,1.4,0,128137,4771
1,2.0,2,92604,5128
4,1.2,2,8323,28728
1,1.8,2,72583,21213
3,1.2,2,65509,7957
3,1.4,1,71342,15753
0,5.0,2,220609,4619
4,1.6,0,50898,23677
4,1.6,0,19000,4129
3,1.2,1,69984,12102
4,1.4,2,226527,1364
4,1.8,0,67944,19692
0,5.0,2,144212,12426
3,2.2,1,203334,2460
3,1.2,2,85826,6929
1,1.6,0,105741,4056
3,1.0,1,60197,14390
4,1.6,2,172952,3141
3,1.0,1,71461,12499
3,1.8,1,31958,38961
4,1.6,0,83318,8585
2,2.2,2,75623,16290
1,1.6,0,201721,1512
1,1.0,2,35503,18695
3,2.2,1,91325,24685
1,1.8,2,79129,15539
4,1.4,2,130465,1749
3,1.2,2,73419,1861
0,3.0,2,78030,20870
1,2.0,2,231833,1326
4,2.0,0,73733,18680
2,2.4,2,117122,12179
1,1.4,0,75128,14654
1,1.6,0,108995,10762
1,1.8,0,39923,22247
3,2.2,1,82763,24530
4,1.6,1,260557,917
4,1.8,2,78775,13084
0,2.0,2,206258,2249
4,2.0,1,271320,1479
1,1.4,2,208104,1052
0,3.0,2,127130,7468
3,1.2,1,122609,7740
4,1.4,2,140870,1610
3,1.0,1,85758,12890
0,4.0,2,29973,82135
0,4.4,2,297999,2111
1,1.2,2,257089,430
1,2.0,0,221849,4105
1,2.0,0,14969,43489
1,1.4,2,99417,4202
1,1.0,2,84337,8556
3,1.0,2,14996,21875
4,2.0,0,17324,36068
0,5.0,2,49770,99633
1,1.4,1,49558,7778
4,1.6,0,192108,2772
3,2.4,1,202796,1850
4,1.0,2,52728,6990
4,1.2,1,168963,3069
0,2.4,2,228896,2149
3,1.4,1,98843,4800
4,2.0,2,195906,2618
3,1.2,1,17000,4115
1,1.6,0,202193,2769
3,1.8,1,143865,3584
4,2.0,2,57842,16313
2,2.2,2,33681,75392
1,1.6,0,28742,13136
1,1.0,0,168251,1550
1,1.6,0,344865,324
1,2.0,2,92700,11405
1,2.0,0,254287,919
4,1.8,0,135246,2966
4,1.6,2,224160,603
3,2.4,1,109859,12354
1,1.4,2,10723,27931
1,1.0,2,127329,5444
3,1.0,2,118788,5306
3,1.8,1,155496,4863
4,1.6,2,192186,1109
1,1.0,2,60660,6921
4,2.0,2,166866,3918
4,1.8,0,80451,16926
4,1.6,0,202740,2067
2,3.5,2,25615,130033
4,1.8,2,176449,2406
2,2.6,2,5071,143033
1,1.0,2,33997,20161
4,1.8,0,43723,29992
3,1.0,1,31595,25468
3,1.8,1,35676,14427
1,1.6,2,74472,4869
1,1.6,2,293339,625
4,1.8,1,179344,2817
0,2.4,2,236049,950
1,1.2,2,73872,9695
0,3.0,2,145804,4530
3,2.2,1,158353,8057
3,1.4,1,56228,13377
1,1.6,0,86662,8485
0,2.4,2,226492,1799
4,1.4,0,97521,12373
1,1.8,0,60184,22408
4,1.4,2,46928,21187
0,4.0,2,93810,34039
3,2.4,2,196021,2441
1,1.0,2,102319,6582
1,1.0,2,52366,10886
4,2.0,0,121250,8871
4,1.6,2,195321,2266
4,2.0,2,128287,6004
3,1.4,1,100426,12843
1,1.4,2,167103,1035
3,2.2,1,128633,3767
4,2.0,2,66206,19598
1,1.0,2,26840,25660
3,1.8,1,91688,19491
4,2.0,2,5821,23560
2,3.5,2,208259,10631
4,1.0,2,33410,15306
1,1.8,0,191733,2792
0,2.2,2,66277,25254
4,1.4,0,76190,10097
3,1.4,2,196721,1692
3,2.2,1,28810,48228
4,1.2,2,125538,5079
1,2.0,0,151949,6151
1,2.0,2,213524,2183
1,1.6,1,139406,8581
2,4.0,2,90474,18556
3,1.0,2,217607,973
1,1.6,2,133576,4394
1,2.0,0,19659,32472
1,1.0,2,48869,7458
1,1.4,0,67863,16447
0,5.0,2,76754,52387
1,1.8,2,70107,9066
4,2.0,2,210040,1594
3,1.2,1,18095,28278
3,1.2,1,6545,39254
0,5.0,2,208522,4214
4,1.8,2,111712,7903
1,1.4,2,195685,1291
1,2.0,2,176358,2025
3,1.0,1,80278,11720
1,1.4,0,41964,5461
2,2.6,2,151457,11434
2,3.5,2,128271,13062
4,1.2,2,106718,6698
2,2.0,2,18978,54090
2,4.0,2,217039,5402
3,1.4,1,46055,22635
3,1.2,2,160296,1028
3,1.4,1,238330,1951
1,1.8,0,118064,5119
1,1.6,0,55902,17778
0,2.0,2,183921,2394
3,1.4,2,111198,5821
4,1.8,2,343007,289
3,1.8,1,153031,5105
2,3.0,2,94587,28432
4,1.4,0,99962,7130
3,1.4,1,273537,722
4,2.0,2,56054,22375
3,1.2,2,63891,10499
3,1.4,1,82394,12011
0,2.2,2,106516,15582
3,2.2,1,112865,12361
1,1.4,2,9426,12636
1,1.0,2,16421,16407
0,3.0,2,277582,1077
4,1.6,0,165322,2186
1,1.6,1,72319,8764
3,2.2,1,186593,4856
4,1.0,2,141924,3921
4,1.6,2,72582,11261
3,1.4,2,122935,4076
2,2.4,2,4624,78086
1,2.0,2,72923,8773
4,1.4,2,29100,21215
1,1.0,2,82847,8321
4,1.0,2,232608,576
0,2.0,0,63496,22135
3,1.0,1,63292,10802
0,2.2,2,135774,2869
4,1.6,2,24772,24140
4,1.6,0,59344,12316
3,1.8,1,114828,9641
0,4.0,2,66966,50043
4,1.6,2,59106,16537
1,2.0,0,90439,4786
3,2.2,1,93525,15238
1,1.4,2,17313,34217
1,1.4,2,239653,712
1,1.6,0,117158,8284
1,1.4,1,141368,5997
0,5.0,2,293380,1474
4,2.0,0,133711,7043
3,1.2,1,237606,933
4,1.8,0,112138,5292
3,1.2,1,199030,1508
4,1.6,0,214300,2089
0,2.0,2,115294,11185
1,1.4,2,31287,33821
3,1.4,1,192574,2396
1,2.0,0,82540,14567
3,2.2,1,84961,27602
4,1.4,0,57648,19853
2,3.5,2,84606,11345
2,3.0,2,44761,77091
3,1.2,2,256473,438
4,2.0,2,183377,2607
2,2.0,2,139400,5478
0,2.4,2,12444,53292
1,1.2,2,149528,1447
3,1.4,2,30382,22227
3,1.0,2,30889,17523
3,2.4,1,178115,6664
4,1.8,2,192087,1721
1,1.0,2,29886,12112
3,1.4,1,30663,30297
4,2.0,2,26914,25675
4,1.6,2,124215,1504
1,2.0,0,108781,3880
1,2.0,2,128078,5484
3,2.0,1,43904,44966
3,2.4,2,284839,1414
1,1.0,2,57080,11734
1,1.8,0,188499,3540
1,1.4,1,140646,7367
3,1.4,1,21161,34170
3,1.4,2,131933,4341
3,2.4,1,248796,2540
1,1.4,2,35120,30941
3,1.8,1,113594,17732
3,1.8,1,91064,11165
4,1.4,0,60291,23840
1,1.2,2,185312,1951
3,2.2,1,174589,4408
4,2.0,0,125042,11247
3,1.4,1,67268,15143
3,1.4,1,32161,24697
1,1.8,1,152700,5077
1,1.8,0,39360,31440
0,5.0,2,27239,87259
3,1.4,1,109136,5434
2,2.6,2,29307,96048
3,1.2,2,196945,1368
3,1.0,1,78865,9103
3,2.2,1,16533,67418
1,1.2,0,86587,8723
1,1.2,2,138699,3516
3,1.4,1,24797,40899
3,1.4,1,148898,3258
1,1.8,0,242305,1659
1,1.0,2,41740,20583
4,2.0,2,43749,15590
1,1.4,2,16418,25347
4,1.4,0,22035,36649
1,1.8,0,42690,30817
3,1.4,2,33011,19159
3,2.4,1,144336,8831
3,1.4,1,138453,6874
3,1.0,1,35982,16712
3,2.2,2,185133,3139
3,2.0,1,81919,20589
0,2.0,2,292606,777
1,1.4,2,107303,3036
3,1.8,1,196835,2693
3,1.0,1,103766,8671
0,3.0,0,236569,3226
2,3.5,2,16016,137107
4,1.6,2,165766,2556
2,2.4,2,136494,8020
4,1.4,0,182030,1627
1,1.2,2,193384,998
1,1.6,1,84048,12064
1,2.0,0,199883,1963
4,2.0,2,177185,1930
3,1.4,2,30723,20753
4,1.4,2,91330,8905
1,1.6,1,25336,38923
0,5.0,2,82222,22668
4,1.4,2,160404,1467
3,2.0,1,124136,13205
4,1.4,0,74327,3838
4,1.4,2,114058,7533
0,2.0,2,103718,6376
0,2.4,2,184507,3641
1,2.0,2,23748,26459
4,1.0,2,23809,19748
4,1.2,0,76877,8704
4,1.6,2,42338,15033
0,4.0,2,34936,74656
1,1.4,2,23502,25098
1,2.0,0,241460,1182
3,1.0,1,71356,5620
4,1.4,2,54420,15486
3,1.2,1,133289,3419
4,1.6,0,163299,3791
0,4.4,2,77377,26855
2,3.5,2,210972,9708
1,1.8,2,127802,7778
3,1.4,1,184888,3129
1,1.2,2,84813,7361
4,1.6,0,72515,15759
1,1.4,0,148376,5299
1,1.0,0,73232,12660
4,2.0,2,85791,9412
1,1.0,2,69279,8539
4,1.4,0,271986,721
1,1.8,0,140343,4911
1,2.0,0,133732,7616
3,1.4,1,52086,28468
3,1.0,2,227469,1517
3,1.2,1,32583,19962
3,2.0,1,298312,748
0,2.2,2,28964,29736
4,1.4,0,80705,9344
3,1.0,2,62922,9645
4,1.4,0,145808,2746
0,2.0,2,249377,1246
4,2.0,2,126454,7102
4,1.8,0,117669,7082
1,2.0,0,62976,15692
4,1.6,2,120898,3212
1,1.4,2,153134,1802
0,4.4,2,183475,7851
3,1.4,1,36461,25744
4,2.0,2,149613,1742
1,1.6,0,38764,12390
0,2.4,0,162189,2847
3,1.0,1,60404,10253
3,2.4,1,103232,19362
3,1.8,1,16258,53449
1,1.4,0,94048,6165
1,1.0,2,157914,2247
4,1.6,0,206056,2007
3,1.2,2,127007,4466
3,1.2,2,136312,3178
1,2.0,2,121028,3632
4,1.8,0,100110,6612
1,1.4,2,91692,7574
4,1.4,0,195667,1474
1,1.0,0,97217,6710
3,1.8,1,214573,3004
1,1.4,0,215520,1995
3,1.8,1,15644,35947
3,1.8,1,131000,11107
3,2.0,1,129322,10382
1,2.0,2,26572,38850
3,1.0,2,145212,1935
4,1.2,2,150165,1382
1,1.2,2,16500,12043
0,2.4,0,28649,44787
4,2.0,2,202095,1225
3,1.8,1,41135,40581
0,4.4,2,45287,84090
4,1.6,2,66246,17882
4,1.2,2,36271,17625
3,1.0,1,215335,2311
3,2.4,2,141784,8030
4,1.6,0,151575,3420
4,2.0,0,201008,1349
3,1.4,1,266923,1142
1,1.8,0,32647,17951
3,1.2,2,103450,2245
3,1.0,1,206502,1128
1,1.8,2,143393,2702
1,1.0,0,202325,1675
1,2.0,2,91651,8801
4,1.6,2,30879,14078
3,1.8,1,154306,7326
4,1.6,2,80728,15891
0,2.4,2,277013,1377
4,1.2,2,76882,5719
3,2.0,1,159059,5472
3,2.0,2,133822,6396
1,1.8,0,96508,15286
1,1.4,2,220232,908
4,2.0,0,116300,6602
2,4.0,0,171100,7416
1,1.4,2,67398,13357
4,1.4,0,117687,3838
1,1.6,0,138312,2951
3,1.0,1,143942,4276
3,1.8,1,107862,7565
4,1.6,2,191158,1684
1,1.4,0,145848,1808
1,1.6,0,97662,10240
1,1.4,1,104567,5190
1,1.4,0,188129,2903
3,1.4,2,100957,4811
4,1.4,2,116255,7198
1,1.2,2,186799,1291
4,1.8,0,108565,9906
3,1.4,1,142260,2996
3,1.4,2,84632,7061
0,4.4,2,179875,8656
1,1.6,0,47409,24480
1,1.4,2,88544,7528
3,1.0,1,152689,6323
1,1.0,2,240365,1019
4,1.8,2,73959,15765
3,1.8,1,118799,8185
4,2.0,2,103532,6108
1,1.4,2,121282,6315
1,1.2,2,51553,9813
1,1.2,2,239258,1055
1,1.2,2,344848,199
3,1.4,2,71950,13130
4,2.0,2,98626,10098
4,1.6,0,78657,9478
0,5.0,2,24814,123459
0,5.0,2,82071,50503
0,4.4,2,190714,11000
0,3.0,0,160639,10016
3,2.2,1,59243,14744
1,1.6,0,246137,1614
4,1.4,0,75318,6947
4,1.8,2,60049,16939
1,2.0,2,16189,43983
4,2.0,2,273314,834
3,1.4,2,20003,25188
1,1.8,2,86945,9774
1,1.8,0,128287,4424
4,1.4,2,26346,23036
3,1.8,2,21354,52908
4,1.2,2,208686,837
1,1.6,0,78404,11733
2,2.0,2,182372,3352
1,1.6,0,54440,15704
1,1.0,2,38245,12686
1,1.0,0,98140,7125
0,4.4,2,105680,21943
0,5.0,2,205490,7888
4,1.8,2,65079,12556
1,1.8,2,44307,29063
1,1.4,2,59485,9428
1,1.8,0,173144,3277
3,1.4,2,20684,28673
1,1.0,2,212346,1314
4,1.8,0,253325,973
4,1.0,2,193458,1491
1,1.8,2,145212,3476
3,1.4,2,107183,3080
4,1.4,2,162457,1541
4,1.6,2,23400,29713
1,1.0,2,63296,2860
1,1.0,2,34408,9298
1,1.4,0,94275,10493
3,1.8,2,34145,15838
0,2.0,2,5046,58818
4,1.0,2,277988,331
4,1.6,0,122180,6450
3,1.4,2,168499,3220
4,1.4,2,33923,20046
4,1.4,0,78406,12984
2,2.4,2,26038,46644
1,1.6,2,112974,6729
3,1.0,2,197434,1089
3,1.4,1,78673,19568
4,2.0,0,190579,1724
1,1.6,0,46461,30075
1,1.4,0,224569,883
1,1.2,2,40531,16743
3,2.0,1,169048,5751
2,2.4,2,109064,11328
4,2.0,0,173781,4064
4,1.8,2,23657,39221
3,1.0,1,115291,6512
3,1.0,1,11574,39711
2,3.5,2,108289,15220
4,1.4,0,99711,8725
4,1.4,2,142978,2622
0,4.0,2,51300,42395
0,2.0,2,66648,18397
1,1.2,2,172649,1458
2,2.0,2,91341,24511
4,2.0,2,14249,31458
3,1.2,2,200892,947
0,5.0,2,191340,4013
0,4.4,2,123248,19206
4,2.0,0,50121,8564
0,4.4,2,179812,7091
4,1.4,0,70458,18256
2,3.5,2,234928,3761
1,1.4,2,120282,5210
0,4.0,2,46755,60859
4,1.4,2,19862,16627
1,1.6,2,91299,10304
4,1.4,2,59884,14399
4,1.6,2,72902,10034
1,1.0,2,286577,415
4,1.8,2,34952,10359
3,2.2,1,67314,23843
3,1.0,1,18523,22539
1,1.4,0,57727,15519
3,1.4,1,38839,30871
2,3.5,2,123589,16570
4,1.4,0,52003,9061
3,2.0,1,29005,59970
1,1.0,2,215739,1043
0,2.0,2,259074,1138
1,1.8,2,59401,20251
4,1.4,0,204197,662
1,1.0,2,216488,569
3,1.8,1,117825,4116
1,2.0,2,261729,771
4,1.2,2,47545,15998
0,3.0,0,70086,29656
4,1.8,0,145457,4357
4,2.0,2,20110,30473
4,1.0,0,129951,2840
4,1.4,2,133625,3020
3,2.0,2,148838,6923
0,5.0,2,138777,19366
3,2.4,1,9708,68314
1,1.4,2,40866,4624
1,1.0,2,32148,17166
1,1.4,2,287138,428
3,1.4,2,149944,3514
4,1.8,2,6373,39459
1,1.6,1,95040,2968
1,1.8,0,21470,39457
0,3.0,0,91235,14062
1,1.8,2,156107,6620
1,1.2,2,87921,4516
1,2.0,0,130974,3738
4,1.0,2,194983,1376
4,2.0,0,147937,5877
3,2.4,1,120932,7613
4,1.0,2,127554,2412
3,2.2,1,199804,2713
4,1.6,2,87887,7472
3,2.2,1,131707,9353
4,1.4,0,371762,264
1,1.6,0,290778,673
4,1.6,0,57933,24207
4,2.0,2,198406,1036
1,1.8,2,24006,23234
2,2.0,2,17000,7399
0,2.2,2,191989,3267
3,1.0,1,44656,23567
4,1.4,0,43458,9746
1,1.0,2,99846,4941
4,1.4,2,205167,1546
4,1.0,2,84578,6908
1,1.4,0,138339,2582
4,1.8,2,64384,16468
3,1.0,1,112157,7620
1,1.0,1,129456,3174
3,1.4,2,114470,6489
1,1.4,2,137454,1675
4,1.8,2,91069,6722
4,1.6,2,107756,12489
4,1.6,1,205481,1850
3,1.4,1,85225,12534
1,1.2,1,39606,17681
1,1.4,2,127330,2606
3,1.0,2,178889,1119
3,2.2,2,115750,3963
4,1.2,2,121692,1801
3,2.4,2,229164,2896
1,1.2,2,115654,5142
3,1.8,1,98303,5816
1,1.0,2,241136,947
3,1.8,1,132296,9998
3,1.4,1,48111,31193
4,1.6,2,137231,1967
1,2.0,0,114612,8340
4,2.0,0,142327,4407
1,1.8,1,81109,10095
4,2.0,0,106761,8665
1,1.0,2,152119,3078
4,1.8,0,155034,2526
3,1.8,1,132870,4184
0,3.0,2,61339,29919
0,2.4,2,184234,1753
4,1.4,2,115425,7743
1,1.4,2,63236,13728
1,1.8,2,15612,39157
3,1.4,1,165877,2477
0,2.0,2,79703,18006
4,1.6,0,176456,2274
1,1.6,2,199221,1574
2,2.6,0,150731,9888
4,1.2,2,178408,2596
1,1.8,0,63108,20569
1,1.4,2,86307,6693
1,1.4,0,240690,667
3,1.8,1,23840,46624
3,1.0,1,240460,830
1,1.8,0,202468,2224
3,1.0,1,205959,2871
1,1.4,2,106494,3876
1,1.6,2,83482,4005
0,2.4,2,4915,60317
1,1.0,2,155395,2912
0,3.0,2,30613,38607
3,1.8,1,112413,5238
3,1.0,2,74884,8333
4,2.0,2,190389,1658
1,1.4,1,122792,5166
1,1.8,0,198686,1882
3,2.0,1,163996,5251
4,1.8,0,133506,3436
4,1.6,2,29259,12915
2,2.2,2,12011,103893
1,1.4,2,48685,16098
2,4.0,2,239106,2676
4,1.6,2,159253,1809
1,1.6,2,178454,2302
3,1.8,1,178273,5242
4,2.0,0,138869,7226
4,1.6,2,29614,22613
4,1.8,0,123822,4528
3,1.2,1,97630,11402
0,3.0,0,88368,17529
3,1.4,2,123351,3112
4,1.6,2,67677,12439
4,1.4,2,269090,414
2,3.5,0,83442,14668
1,2.0,2,58035,16494
1,1.0,2,10500,6659
1,1.0,2,83796,6768
1,1.8,0,45829,24753
4,1.4,2,31325,24857
4,2.0,2,125096,6580
4,1.8,1,121611,7696
3,2.2,1,57406,35492
0,2.2,2,147950,3630
4,1.6,2,222634,975
1,1.0,1,55390,13700
1,2.0,0,301347,483
3,2.0,1,185640,3129
3,1.4,1,74177,16520
4,2.0,2,132089,3079
3,1.8,1,153314,6047
1,1.4,2,142890,3569
1,1.8,0,106264,11650
4,2.0,2,307772,493
4,1.4,0,289646,534
0,2.0,2,55662,22573
1,1.6,1,232243,1716
3,1.2,1,31556,26218
2,2.0,2,59736,28428
4,1.4,2,205849,2145
4,1.2,2,44228,7842
3,1.8,1,278075,598
2,2.4,2,83481,11930
1,1.2,2,68236,13145
4,1.6,0,18626,30577
1,2.0,2,194895,2088
1,1.8,2,114982,2739
4,2.0,0,210531,3218
4,1.2,0,97150,8066
1,1.4,2,131096,1937
1,1.0,2,123113,2600
3,1.8,1,133913,3178
1,2.0,2,63834,25333
4,1.6,2,188161,1512
4,2.0,0,150754,4399
2,2.4,2,131527,9532
0,2.4,2,6668,63896
4,2.0,0,133593,6223
1,2.0,0,30520,32355
4,1.0,2,134735,2132
0,5.0,2,167840,5996
1,2.0,2,48270,25928
1,1.0,2,135936,5437
4,1.2,0,70494,11866
1,1.6,2,177682,3489
1,1.2,2,54785,7365
0,2.4,0,12329,45841
1,1.0,2,134997,2631
3,2.4,1,10162,83241
3,2.0,1,120842,4361
3,1.2,2,51518,13882
1,1.6,2,43353,12383
3,1.4,1,193962,1821
4,1.6,2,270803,694
1,1.8,2,336739,437
3,1.0,1,55429,22038
3,2.0,1,148540,6818
4,1.6,2,33293,16956
1,1.0,2,83052,8882
1,1.8,0,98005,12379
1,2.0,2,35583,26426
3,1.8,1,45088,38517
3,2.2,1,22673,57048
0,4.4,2,8968,64795
3,1.4,2,196455,871
0,5.0,2,75406,69028
2,3.0,2,65307,63310
1,1.0,2,248279,948
4,1.6,0,126330,4385
3,1.4,1,58982,10067
4,2.0,2,92366,11293
3,1.0,1,176604,1903
1,1.6,0,100798,10008
0,2.4,2,34795,31529
4,1.8,0,106498,6743
3,1.0,2,33674,14116
4,1.8,0,177453,1713
1,2.0,1,185596,2245
3,1.0,1,93570,12194
3,1.0,1,59061,5700
0,2.4,2,83097,5078
4,2.0,2,151494,3217
1,1.2,2,169486,2234
3,2.4,1,104616,13732
4,1.6,2,48576,13537
3,1.8,1,258529,1440
2,4.0,2,10312,108416
1,1.0,2,155581,2291
1,1.8,0,44509,28253
4,1.6,0,133333,1903
2,2.6,2,143603,10667
3,1.4,1,97990,10013
1,1.8,0,73298,9318
3,2.0,1,135320,5809
4,2.0,0,155924,1736
1,1.4,2,34112,15380
4,1.6,2,74305,8774
3,1.4,1,233219,1559
3,1.0,1,12284,28347
0,5.0,2,34862,89261
3,1.0,1,146274,2461
4,2.0,0,194875,2477
0,2.4,0,136512,3073
1,1.8,0,38766,31552
0,5.0,2,44805,64419
3,1.2,1,32239,20002
0,4.4,2,83702,61156
1,1.8,0,101889,12033
1,1.2,2,46300,17282
4,2.0,0,99767,16624
0,4.0,2,22759,97758
4,1.4,0,101907,6576
4,1.2,0,129459,3962
4,1.6,2,50770,14274
1,1.4,0,42017,28904
4,1.4,2,132961,3469
3,1.4,1,16348,45803
3,1.4,1,4674,55652
3,1.4,2,29265,23912
1,1.8,0,35380,34096
1,1.8,0,16626,33172
3,1.0,1,92775,5890
3,1.2,2,112404,4996
2,2.2,2,160971,10378
4,1.6,2,20469,27202
4,1.2,2,33527,11231
4,1.4,0,126488,6984
1,1.2,2,305950,290
4,2.0,2,92049,5436
4,1.8,0,171268,4296
1,1.4,2,77195,4600
0,3.0,0,78661,34177
3,1.8,1,161316,4055
1,1.6,2,145001,4286
2,2.4,2,252380,2395
4,1.6,0,83163,17894
1,1.6,0,102852,10635
3,1.4,1,37467,27356
4,2.0,2,237751,1230
1,1.8,0,10330,44790
3,1.0,1,302522,354
1,2.0,0,73884,10362
0,3.0,2,72218,15556
0,2.2,2,189898,3113
4,1.6,2,29780,30634
1,1.2,2,82499,7997
0,2.0,2,227215,1312
4,1.6,2,113034,9827
1,1.6,2,120811,5190
4,1.8,2,63259,17733
4,1.4,0,24879,33745
1,1.2,2,140037,3044
3,1.4,1,60005,14919
1,2.0,0,230061,1402
1,1.4,0,24229,32057
1,1.0,2,129025,5742
4,2.0,2,181234,1795
4,1.8,0,334190,735
3,2.4,1,89014,17569
3,2.2,1,24724,64441
3,1.8,1,139810,14453
1,2.0,2,100786,11393
4,2.0,0,60524,14316
1,1.0,2,205148,1455
3,1.8,1,84621,16775
1,1.8,0,133849,7219
1,1.8,0,62993,22003
2,4.0,2,52083,42210
1,2.0,0,39734,28675
2,2.0,2,189596,2946
0,2.4,2,243074,1353
2,2.0,2,119688,10902
0,5.0,2,33166,103008
0,2.4,0,37033,45597
3,2.4,2,34379,40646
4,1.8,2,7210,41997
4,1.4,0,186708,1704
3,2.0,2,48652,34048
3,1.0,1,54508,23695
1,1.6,1,46571,20150
1,1.0,2,90004,4962
2,2.2,2,48158,69111
1,1.2,2,17781,24900
1,2.0,0,123353,5228
2,2.6,0,33693,54037
4,2.0,0,81948,11073
1,2.0,2,140131,3817
0,4.4,2,222601,4256
1,1.4,0,173120,2890
2,2.6,0,145023,11072
3,1.2,2,84859,10408
4,1.8,2,134744,3176
1,1.8,2,71503,15311
0,2.4,0,127312,8982
3,1.4,1,98507,5475
4,1.6,2,298203,573
3,1.4,1,34625,27818
3,1.4,2,20363,26872
0,2.4,2,66176,24692
4,1.8,2,240990,1479
4,2.0,0,54864,11601
4,1.4,2,141827,3112
1,1.0,2,66424,7616
3,1.0,1,72073,8344
2,4.0,2,57977,36875
2,2.6,2,94440,24753
4,1.6,2,117398,2863
3,2.0,1,40733,45836
1,1.0,2,36279,22730
1,1.8,0,138623,4358
3,2.2,1,89980,10476
4,1.8,0,243621,1516
4,1.2,2,90389,10529
3,1.8,1,36689,37898
4,2.0,0,149242,6961
1,1.8,2,92319,3991
1,1.4,1,50306,17890
3,2.4,2,145425,6384
4,1.4,2,32159,32955
3,2.0,1,51939,25102
0,4.4,2,302861,1182
1,2.0,2,122461,6546
1,1.0,2,62321,5606
1,1.4,2,115240,4267
3,1.8,1,148970,6446
4,1.8,2,222365,1077
0,2.0,0,96745,15401
1,1.6,2,87358,6159
3,1.0,1,135027,5225
4,1.8,0,229552,2251
3,1.8,1,139996,12630
0,3.0,2,12739,49584
1,1.4,2,41355,27892
4,1.0,2,59193,6708
4,1.4,0,191611,2132
4,1.2,0,80490,6084
1,1.2,2,291741,379
3,1.2,2,5417,32902
0,2.2,2,28754,44415
4,1.6,2,129115,3681
1,1.6,0,48789,17392
1,1.4,2,106066,3403
1,1.0,2,164726,1858
1,2.0,2,176355,2314
3,1.0,1,51136,10875
1,1.4,2,275414,418
1,1.6,1,81924,17245
3,2.4,1,293430,917
3,2.4,1,77919,28319
0,3.0,2,29951,48189
3,1.2,2,70457,10746
3,1.4,2,43111,12928
4,1.4,0,155257,6909
4,1.6,0,184189,1524
1,1.4,0,101073,9429
4,1.2,2,100290,5918
4,1.2,2,81883,7711
1,1.6,0,142484,3726
1,1.6,0,162612,5755
4,1.2,2,152293,2646
3,1.4,1,72508,19091
3,2.0,1,32617,30155
1,1.6,0,22315,30314
1,1.4,2,315674,316
2,4.0,2,94116,9575
3,1.0,1,15005,27938
2,2.6,2,214105,6232
1,1.8,1,153803,2583
0,2.4,2,107570,6350
4,1.4,0,162714,2108
3,1.2,2,81452,2809
4,1.4,0,27570,31092
1,1.2,2,110103,3362
3,1.4,1,77408,6355
3,2.0,2,85720,17860
3,1.4,2,18537,27142
1,2.0,0,50641,11276
4,2.0,2,6000,21396
1,1.4,0,16436,35769
3,1.8,1,154940,2053
4,1.4,2,224691,814
4,2.0,0,198540,1964
2,3.5,2,3484,105060
1,1.6,2,60644,17718
4,1.4,0,29528,35132
1,1.0,2,67820,7546
4,2.0,2,327016,383
4,1.6,2,135655,2972
0,2.0,0,29573,46470
3,2.2,1,45462,43702
1,1.4,0,136129,2628
4,1.6,1,36838,30877
1,1.8,2,73507,17260
0,3.0,2,34953,43791
3,1.0,1,49400,21412
0,2.0,2,88240,8148
4,1.6,0,77823,13304
1,1.0,2,121131,4501
4,1.4,0,190173,2467
4,1.8,2,109944,9151
3,1.2,1,37574,14848
1,1.0,2,66022,10657
4,1.4,2,45283,16871
1,1.4,2,55162,7936
1,1.6,0,7454,48982
4,2.0,0,94331,3909
4,1.8,0,70410,15860
3,1.2,1,183547,886
2,2.2,2,71403,42625
0,5.0,2,39154,99436
2,4.0,2,154629,5991
4,1.6,0,134426,9345
1,1.6,2,226513,1019
4,1.0,2,159497,1335
1,1.0,0,38370,16257
4,1.8,2,101937,6509
1,1.4,2,129775,6082
1,1.4,2,82551,17474
1,1.4,0,55662,20343
1,1.4,2,70468,10714
3,1.4,1,122776,5572
3,1.4,1,113411,6427
3,1.4,1,53375,21722
3,2.4,1,62073,27551
1,1.0,2,113610,4460
3,1.2,2,151666,2298
1,2.0,2,62499,11377
4,1.0,2,201962,1059
1,1.4,2,56754,12528
3,1.0,2,40466,9090
0,3.0,2,134854,2763
4,1.6,2,80137,10006
4,1.0,2,199696,828
3,1.2,2,14052,25745
4,1.4,2,261526,522
4,1.4,2,54291,13564
2,2.0,2,74117,19799
4,1.4,2,174535,3010
4,1.4,2,141419,3961
0,2.0,2,70986,16721
4,1.4,2,206254,1097
3,1.8,1,46292,28181
3,1.4,1,162314,2089
4,1.0,0,75245,7736
4,2.0,2,18002,42653
3,2.4,2,199255,1817
3,2.2,1,146883,5551
3,1.8,1,68423,21408
1,1.2,2,156051,2188
4,1.0,2,88993,3675
2,3.0,2,262591,1808
1,2.0,0,143865,2583
4,1.6,2,299002,321
1,1.0,2,240349,428
3,1.2,2,187415,1590
1,1.2,2,28528,17962
1,1.6,2,72218,18756
1,1.4,2,175584,1755
4,1.6,2,131899,3125
4,2.0,0,66168,16226
4,1.6,0,49707,23377
4,1.8,0,152670,1583
0,2.4,0,136891,9516
4,1.6,0,123733,3738
4,1.8,0,92899,18939
4,1.0,2,168223,1732
1,1.8,2,106524,9781
4,1.6,2,170890,2225
4,1.8,2,73234,14525
4,1.0,2,168060,1420
0,5.0,2,18097,104908
1,1.2,2,101268,5356
3,1.8,1,143568,4691
0,4.4,2,78948,45287
4,1.4,0,146496,3335
4,1.6,2,118638,6613
3,2.0,1,28381,52671
1,1.6,2,82309,10877
1,1.8,2,66900,15788
1,1.2,2,203556,1901
1,1.8,0,121647,9074
3,1.8,2,222344,1788
1,1.0,1,154302,3086
2,4.0,2,201704,3068
2,2.2,2,144342,5001
1,1.4,0,161406,4165
4,1.8,0,149555,5148
4,1.2,2,123198,4527
4,1.6,2,109322,6392
3,2.2,1,52430,44740
2,4.0,2,155947,4539
4,1.4,0,129695,6950
1,2.0,0,125400,8692
3,1.8,1,112871,8899
2,3.0,2,76785,16517
4,1.0,2,80671,3896
4,2.0,0,43333,33874
0,3.0,2,73016,21594
3,1.8,2,51840,29624
4,2.0,0,195517,2948
1,1.8,0,166344,4239
1,2.0,0,126961,5037
3,1.0,1,226061,1836
4,2.0,2,184978,2123
3,1.8,1,206392,3141
0,4.0,2,163696,11563
1,1.0,2,191323,964
4,1.6,0,73240,5289
1,1.4,2,75133,11864
4,1.4,0,40027,30905
4,1.2,2,57778,6740
0,2.0,2,235138,1734
3,1.0,1,333629,478
4,1.4,0,160639,3876
3,2.2,1,28056,45312
1,1.4,2,119013,1991
2,3.0,2,26616,53863
0,5.0,2,234128,4991
3,2.2,1,221229,4085
4,1.0,2,97043,3036
3,2.4,1,209073,2137
1,1.6,2,187803,2773
3,1.4,1,25972,29237
1,2.0,2,116570,5556
1,1.4,0,229330,1648
4,1.4,2,191456,1864
1,2.0,0,186368,1583
4,1.0,2,145249,1229
3,1.2,2,61336,10676
4,1.8,0,99768,9889
4,2.0,2,90092,9397
1,1.4,2,92660,8353
3,1.0,1,96699,12744
1,1.8,2,125474,6067
4,1.8,2,31305,13815
4,1.0,2,123093,4864
2,3.5,2,202146,5762
1,1.0,2,184586,1916
4,1.4,0,175032,2411
1,1.6,0,133924,6363
1,1.4,2,110423,10939
1,1.4,2,125603,4678
3,1.4,1,52422,23258
1,1.4,2,114007,6011
4,1.4,2,318300,482
2,3.5,2,115294,16497
3,2.0,1,201150,4358
2,2.6,2,180045,12535
3,2.4,1,179147,3875
1,1.4,0,35372,24620
1,1.4,2,241753,698
0,2.4,2,90842,13973
1,1.2,1,193258,1049
3,1.4,2,48630,15266
3,1.8,1,56636,21024
4,1.6,0,28888,37695
0,4.4,2,86927,35075
1,1.0,2,288486,347
4,1.6,0,59580,19610
3,1.8,1,96750,20089
3,1.8,1,42520,34239
1,2.0,2,88876,12528
1,1.2,2,39553,9880
2,3.0,2,201184,6571
2,2.2,2,65200,57993
1,2.0,2,151923,2325
1,1.4,2,289688,342
4,1.2,1,196325,1019
4,2.0,0,44765,27493
2,2.6,2,100825,25261
1,1.4,0,22718,30522
4,1.6,1,99950,12738
1,1.0,2,133622,5538
1,1.6,0,162124,5057
4,1.2,0,24331,25145
4,1.6,2,29366,23519
1,1.4,0,157593,5300
3,1.0,1,157156,6094
1,2.0,0,200460,1953
3,1.2,1,254620,746
3,2.0,2,23302,51611
1,1.4,2,7916,30298
3,1.4,1,107304,9994
3,1.0,2,84490,7296
1,1.2,2,211454,1357
4,1.8,2,165284,2474
4,1.8,0,112716,7207
3,2.0,1,151393,7120
0,2.0,2,30757,28062
0,3.0,0,185456,2138
1,1.6,2,156535,4720
0,3.0,0,59167,34056
1,1.4,1,172028,4110
4,1.6,2,107625,6473
3,2.4,1,98942,16359
4,2.0,0,51921,32126
3,1.4,1,213652,1523
3,2.0,1,215481,1508
1,1.0,2,143995,3288
4,2.0,2,56403,17099
3,1.0,1,51954,19715
3,1.2,2,38795,18326
3,1.4,1,229464,2106
1,1.6,1,4000,35733
1,2.0,2,148469,6951
4,2.0,0,79448,14709
4,1.8,0,337137,479
1,1.6,0,71293,14070
3,1.8,1,172971,1651
3,1.2,2,179097,2548
3,1.8,1,90320,10501
0,2.4,0,104196,17077
3,1.8,1,121307,8919
1,1.0,0,203469,1111
3,1.8,1,119176,6944
4,2.0,0,133287,3912
4,1.4,2,45610,16837
4,1.4,0,122101,3099
4,2.0,2,84614,10441
3,1.2,1,133425,1640
0,2.4,0,154172,8842
4,1.6,0,139257,5170
4,1.6,2,61026,17309
1,1.8,2,46861,25041
3,1.4,1,123958,4521
4,1.6,0,27302,27255
3,1.8,2,217400,1636
4,1.6,2,97296,8531
4,1.8,0,162999,4031
3,2.4,1,137762,3913
3,1.0,2,41073,9681
3,2.2,1,40276,51529
4,1.4,2,97331,9468
4,1.4,0,159686,1720
4,1.8,0,209556,1931
4,2.0,2,181071,2347
3,1.2,1,60954,19159
3,1.8,1,194528,1371
4,1.6,2,48150,14508
3,1.4,2,86456,9729
4,1.2,2,33865,21213
1,2.0,0,39657,15744
1,1.8,1,55395,28228
0,2.4,0,111470,10143
1,1.8,0,29439,30886
0,2.4,2,69891,19724
1,1.6,0,96536,5666
3,1.0,1,16765,31758
3,1.2,2,25731,25809
1,1.6,0,108039,12386
2,3.5,2,224583,3164
0,4.4,2,115910,14559
0,2.4,2,33651,34541
4,1.4,0,53366,16369
3,1.0,1,248230,883
0,4.4,2,22319,117441
1,1.6,0,20796,39913
1,1.0,2,34297,24582
4,1.4,2,152741,1909
1,1.6,0,204387,1928
3,1.8,1,151020,4415
0,2.4,2,43663,28479
3,1.2,1,201968,1470
4,2.0,0,66107,27433
4,2.0,0,117793,7973
3,1.4,2,87488,7907
1,1.6,2,234975,1407
1,1.4,2,245794,673
1,1.0,2,194937,1304
4,1.2,2,108166,5425
3,1.2,1,65766,14220
3,2.0,2,59936,19881
4,1.6,0,19656,42433
3,2.4,1,95335,9216
4,1.2,0,101151,5251
3,1.4,1,39929,25111
1,2.0,0,1487,56459
4,1.8,0,116964,9938
3,1.2,1,44662,19858
4,2.0,0,128477,3298
3,1.8,1,206162,1512
1,2.0,0,44398,10256
4,1.8,2,80034,10836
0,5.0,2,81129,16366
2,2.4,2,165244,5547
4,1.8,2,25348,31173
4,1.0,2,193568,873
3,1.4,2,52847,12174
3,1.2,2,72738,9261
4,1.2,2,70151,10906
4,2.0,2,103730,4246
1,1.2,2,77493,6340
0,2.4,2,149048,4294
3,1.8,1,94674,17847
4,1.8,0,107503,9985
1,1.4,2,102539,7001
1,1.4,2,88397,12846
0,4.0,2,34125,91619
4,1.8,2,184533,4174
4,1.4,2,130507,5081
1,1.4,2,145801,1507
1,1.6,0,156817,1819
1,1.6,2,140073,3196
4,1.4,2,66708,13380
3,1.0,1,124306,4073
3,1.4,2,125953,4864
2,2.2,2,155456,11613
1,1.4,2,174198,1898
1,2.0,2,197633,2199
3,2.2,2,79393,16026
4,1.6,2,311658,316
4,2.0,0,89417,12110
3,1.8,2,63636,22489
4,1.8,2,40271,21892
3,2.0,2,90414,17277
1,1.2,2,29268,19119
3,1.8,1,178452,5384
1,1.2,2,251133,678
3,1.4,2,85068,8043
1,1.2,2,22383,18595
0,2.0,0,49046,27731
1,1.0,2,43996,14002
1,2.0,0,228947,1416
1,1.6,2,53147,24268
4,1.6,2,108111,7878
1,1.8,1,189435,2354
4,1.2,2,38935,16230
3,1.0,1,69823,15368
1,1.8,2,217958,1322
4,1.6,2,83208,15938
0,2.4,0,131248,4779
4,1.6,0,341741,378
4,1.8,0,228512,1706
3,2.4,1,131873,15557
1,1.2,2,44260,15314
1,1.2,2,80250,7109
3,2.4,1,23471,67781
0,2.4,2,16913,55616
1,1.6,0,85455,15593
4,1.4,0,152446,4739
3,1.0,1,269373,882
0,3.0,0,42952,30856
3,1.2,1,43488,21379
0,5.0,2,231407,4189
3,1.2,1,87731,8770
4,2.0,0,197425,3162
1,1.2,2,96911,6318
0,4.4,2,252941,3684
3,1.8,1,41969,16500
4,2.0,2,58312,21052
0,2.2,2,213115,1302
1,1.6,0,21834,28435
2,4.0,2,164944,8500
4,1.2,2,233343,549
0,4.0,2,80607,45632
3,1.4,1,125812,9278
3,1.8,1,26103,29695
0,2.2,2,68387,19074
1,1.4,2,17149,38775
0,2.0,0,60475,24131
4,1.8,0,54390,24568
3,1.4,1,150507,7125
4,1.4,2,203777,1121
2,4.0,2,57850,49704
4,1.6,0,186840,1606
3,2.4,1,171601,5047
1,1.2,2,64301,9667
4,1.6,0,259256,894
2,4.0,0,285908,2012
1,1.4,2,153198,4539
4,1.2,2,243484,438
0,2.4,0,277340,777
4,1.6,2,18894,23332
1,1.2,2,150801,3643
1,1.6,0,65505,17859
0,5.0,2,117615,21380
3,1.0,1,60407,16349
4,1.4,0,98713,9395
1,1.0,2,187561,734
4,1.2,0,110949,5579
2,4.0,2,71237,30517
3,1.8,1,44550,33820
0,4.0,2,97405,31027
3,1.8,1,125567,7552
3,1.4,1,193772,1307
1,1.4,2,116115,3710
4,1.6,0,188185,1350
1,2.0,0,100189,12015
1,1.6,2,183450,2205
4,1.6,0,181847,2834
1,1.4,1,19712,45883
1,1.4,2,61363,14854
4,1.6,2,245602,692
1,1.4,2,34577,27165
4,1.6,2,54981,16497
3,2.2,1,99437,14599
2,4.0,2,35278,61033
1,2.0,2,39083,25884
4,1.6,0,179361,2371
4,1.4,2,281418,718
2,4.0,2,133469,16395
1,1.4,2,36919,23449
1,1.8,2,31473,19668
0,3.0,2,149596,6670
2,2.0,2,107866,14563
1,1.0,2,21698,19469
2,2.0,2,75305,19640
3,1.0,2,139139,3241
4,1.6,2,149858,2833
1,1.8,0,47792,18561
3,1.0,1,23828,37150
4,1.0,2,159199,734
4,2.0,2,3000,32412
2,3.0,2,183021,5524
1,1.0,2,117505,2902
1,1.6,2,131625,3653
1,1.2,2,84625,3784
0,2.4,2,54799,15591
3,2.2,1,140806,8699
1,2.0,2,225361,2098
1,1.0,2,102666,7017
3,1.2,1,285951,373
1,1.4,0,63372,19357
0,2.2,2,250431,1806
1,1.0,2,142155,1831
1,2.0,0,286299,595
1,1.0,2,57585,10532
1,1.0,2,106112,8932
0,2.2,2,74444,17133
3,2.4,2,136189,12528
1,1.0,0,101476,6954
1,1.6,2,183559,2224
4,1.4,2,54426,22053
4,1.2,2,145780,2077
3,1.8,1,259370,1485
3,2.4,1,140537,4997
1,2.0,0,132498,3233
1,1.8,2,172010,1994
0,5.0,2,200671,6304
4,2.0,0,95560,8800
2,4.0,0,67214,54388
0,2.0,2,112209,9543
3,2.2,1,76077,29349
4,1.4,0,197635,1892
3,2.0,1,149153,5196
1,1.0,2,67377,7080
3,1.0,1,38436,21505
3,1.2,1,108928,7516
3,1.4,1,81299,6213
3,2.4,1,117203,12492
0,5.0,2,123949,24871
4,1.8,2,73187,13869
4,1.6,0,145825,6111
4,1.6,2,167130,3426
4,1.2,1,87390,11295
2,3.0,2,260451,1844
1,1.4,2,25238,10848
1,1.6,0,154809,6564
4,1.4,2,217416,1092
1,1.2,2,183332,1330
0,2.0,2,37663,28810
4,1.6,0,82859,10520
4,1.2,1,121744,1890
3,2.2,2,137395,5706
1,1.0,2,104346,3329
4,1.4,0,93697,10414
4,1.6,2,78923,10785
2,2.0,2,121334,8813
0,3.0,2,118639,5346
4,2.0,2,186684,1713
0,2.2,2,87514,23349
4,1.2,2,25706,14347
3,2.0,2,85793,23306
1,1.2,2,152727,1010
4,1.6,0,207865,1975
1,1.4,0,121052,4716
3,1.8,1,70532,11262
3,2.4,1,167406,5976
3,1.0,1,145737,5857
1,1.0,2,61917,8385
0,4.4,2,52542,41274
4,1.0,2,146691,1483
0,3.0,0,228624,2656
3,1.0,1,69437,13543
1,1.4,1,89327,17498
1,1.4,1,145462,5077
4,1.4,2,190443,1135
2,4.0,2,107223,18767
1,1.4,0,141551,3512
4,1.8,2,63336,17724
1,1.4,2,95667,9341
3,1.0,1,35136,28507
3,2.2,1,127880,9016
4,2.0,0,213251,2105
1,1.4,2,61651,22981
3,2.2,1,332382,646
2,2.0,2,139701,3916
1,1.0,2,65718,5860
3,1.2,1,88446,6683
3,1.4,1,28105,5806
3,1.4,1,180636,1464
1,1.4,0,398089,159
4,1.0,2,43886,11774
3,1.0,1,177585,1766
3,1.2,1,36087,22347
2,3.0,2,140899,11711
1,2.0,2,54677,25138
2,2.2,2,129345,14332
2,2.2,2,116058,12165
1,1.8,0,98167,11567
4,1.4,0,115000,6374
1,1.6,0,77584,5667
3,2.0,1,148420,5227
0,4.0,2,273292,2905
0,4.0,2,145901,18687
3,2.2,2,145022,2945
1,2.0,1,150186,3234
3,2.0,1,133739,9380
1,1.2,2,147936,2338
4,1.8,0,29621,37247
3,1.0,1,169747,1765
4,1.2,2,61281,8284
3,2.2,1,39814,39577
0,2.4,0,39448,34426
3,1.8,1,34619,48198
0,4.4,2,92852,29430
4,1.4,2,126188,2884
3,1.4,1,46792,18528
4,1.0,2,205643,643
4,1.8,2,161828,2229
3,2.0,1,65257,12646
3,1.8,1,42787,17550
1,1.2,2,72473,8013
0,2.4,0,80183,20277
4,1.4,2,135762,4736
2,2.2,2,107551,28866
1,1.6,1,27516,33957
4,1.6,0,205511,2464
0,2.2,2,68946,11917
3,1.0,2,113710,5896
0,2.4,2,69241,8901
4,2.0,0,48864,28657
3,2.4,1,100796,7251
1,2.0,0,95183,7813
4,1.8,1,206465,1702
3,1.4,1,104098,10941
4,1.2,2,172576,1555
1,1.8,0,120909,9755
3,1.0,2,84781,4880
1,1.6,2,178647,2479
1,1.8,0,55608,16534
3,1.8,1,47087,6289
2,2.4,2,94370,14419
1,1.6,1,179618,1833
4,1.2,2,125432,3749
1,1.2,2,56083,14227
0,2.2,2,45897,40127
3,1.4,2,159279,3718
3,2.2,1,224321,1461
0,4.4,2,151991,19935
4,2.0,2,160189,1345
4,1.6,2,26314,29230
1,1.0,2,146755,2016
1,1.0,2,64070,9447
3,1.2,1,72368,7468
0,3.0,2,65721,31639
0,4.0,2,300094,1414
0,2.0,2,184605,4636
4,1.8,2,30075,28389
1,1.4,2,146751,3559
4,1.6,0,189701,2028
4,1.2,2,197686,863
1,1.0,0,36355,17093
1,1.0,2,41670,18021
3,2.2,2,170734,4955
1,2.0,2,35650,32265
1,1.6,0,124337,5616
4,1.2,0,22528,25399
4,1.4,0,76717,5902
3,1.4,1,235308,2135
4,1.0,2,30168,19049
1,1.4,2,107004,5545
1,1.0,2,95137,11060
1,1.0,2,206910,1637
4,1.6,2,10141,12088
2,4.0,2,222039,2735
1,1.0,2,37981,9731
0,3.0,0,176591,3680
4,1.4,0,201336,1499
1,1.0,1,228168,1983
1,1.2,2,298578,464
1,1.4,0,238571,1240
4,2.0,2,191287,1539
3,1.8,1,140770,4199
4,1.8,0,175853,3102
4,1.8,0,94438,3961
0,3.0,2,46722,33406
1,1.4,0,170144,2143
0,3.0,2,65239,25986
4,2.0,0,135701,9052
0,3.0,2,19982,34163
0,4.0,2,119787,18807
4,1.4,2,89859,10194
4,2.0,1,123125,4116
4,2.0,2,230711,1414
0,2.4,2,39530,38121
4,1.2,2,37669,16983
2,4.0,2,63923,41822
1,1.4,0,27642,21078
1,1.2,2,86109,8335
3,1.8,1,234212,1434
1,1.2,2,142149,2620
3,2.4,1,62917,29289
1,1.4,2,53155,17227
4,1.6,0,67194,6293
4,1.2,2,53663,10624
4,1.4,2,183071,2337
4,1.8,0,213162,1340
4,1.8,1,27600,30239
3,2.0,1,144450,4725
3,1.0,1,55137,22079
4,2.0,2,31163,27819
4,1.8,0,92709,12712
3,1.0,1,24923,20351
0,2.2,2,133174,8511
1,1.4,2,30186,26069
3,2.2,1,116646,11236
1,1.2,0,49944,14526
1,2.0,0,141343,5135
1,1.6,0,173420,1480
4,1.4,2,233428,945
1,1.4,2,32145,21712
3,2.4,1,14878,75945
0,2.0,2,148586,2637
3,1.4,1,161999,5305
4,2.0,0,37356,19435
3,1.0,2,68094,8721
1,1.0,2,250937,809
3,1.4,1,170542,2381
0,2.0,2,202037,3201
1,1.4,2,65540,8479
3,2.2,1,64601,33876
4,2.0,1,273792,968
4,1.2,2,88950,3660
4,1.8,0,169499,2923
3,1.0,1,54872,13928
4,2.0,2,122592,8760
0,2.4,2,166520,3042
3,2.2,1,176163,7413
1,1.4,2,117616,3002
0,4.4,2,226887,8524
4,1.0,2,24552,17211
3,1.4,1,7155,54945
1,2.0,2,150200,5201
1,1.8,2,36535,13682
3,1.2,1,85571,6820
4,1.4,2,58214,11916
1,1.6,0,39190,24072
3,1.4,1,95049,8411
1,1.0,0,228005,1331
2,2.6,0,178378,7337
2,3.5,2,52773,74126
4,1.6,0,55690,22973
0,4.4,2,19001,57449
4,1.4,0,49831,12818
1,1.0,0,93949,12520
1,1.4,2,95019,7905
3,1.8,1,77165,23965
3,1.4,1,30227,28537
3,2.4,1,221041,3062
4,1.8,2,112763,8381
1,2.0,2,84390,14774
1,1.2,2,56994,11580
1,1.2,2,205418,1432
1,1.0,2,182958,873
2,4.0,0,121110,21663
1,1.0,0,120077,6463
1,1.4,0,123667,7879
3,1.4,1,107457,9983
4,1.6,2,151956,2487
0,2.4,2,154408,5365
1,1.6,1,181477,2541
3,1.2,1,136584,3116
3,1.8,1,110894,11348
4,1.4,2,221636,1022
1,1.4,0,50016,22532
2,3.5,2,15000,15296
4,1.6,0,85279,17631
1,1.2,2,87823,7207
4,2.0,2,68047,16315
0,2.4,2,5639,64236
4,1.8,0,79698,15599
0,2.4,2,171903,4955
1,1.6,0,27842,29387
3,2.2,1,38587,48694
1,1.8,2,158498,5680
4,1.6,2,136408,2329
1,1.0,0,150212,4165
1,1.4,2,141261,4252
4,2.0,0,83047,17173
1,2.0,1,157250,5560
0,2.0,0,119256,6684
3,2.4,1,79790,27957
0,2.4,2,39484,38131
1,1.8,0,170050,5365
2,2.6,0,59034,37869
1,1.2,2,20328,6472
4,1.2,2,186048,1021
1,1.8,0,311900,414
4,1.4,0,161501,5741
1,1.4,0,85461,5365
1,1.8,0,77365,17654
1,1.0,2,43992,14968
4,1.4,2,148145,1623
4,2.0,2,125479,2838
0,2.4,2,264670,1446
3,1.2,2,102514,9168
4,1.0,2,115338,3953
1,1.4,2,155873,1812
4,1.8,2,72721,7999
0,2.0,0,36797,8995
4,2.0,2,210355,1445
1,1.0,2,19640,26712
3,1.4,1,62531,26629
0,2.0,0,27389,44018
0,5.0,2,115278,26583
4,1.4,0,19029,26930
1,1.6,0,37770,27739
4,2.0,2,131279,3541
4,1.6,0,135889,4742
3,1.8,1,101953,9653
4,1.6,0,244282,1855
0,2.4,0,86176,4795
3,2.2,1,39082,51898
4,1.4,0,67299,21303
4,1.2,2,108188,7082
1,1.8,0,61252,14917
4,1.4,0,104718,7710
3,2.0,1,249339,1108
1,1.0,2,76573,8689
4,1.6,0,138758,6469
4,1.2,2,133485,1581
4,2.0,2,26479,32650
2,3.0,2,79557,29571
3,1.8,1,94925,20356
4,1.2,2,159547,1420
0,2.0,0,129764,11999
3,1.2,2,20558,26565
2,4.0,0,54952,62946
1,2.0,0,92931,15609
3,1.4,1,172937,1672
4,1.6,0,56754,17127
3,1.4,2,189774,1055
4,1.2,2,35036,6783
0,4.0,2,55597,53872
0,4.4,2,135326,22808
3,1.8,1,156763,4950
4,1.8,0,18017,42484
2,4.0,2,149724,8438
3,1.0,2,58886,9901
1,1.4,0,18334,33119
3,1.0,1,46589,23290
0,2.4,2,68708,13326
4,1.6,2,88392,11012
4,1.0,2,38340,16989
1,1.4,2,263206,384
4,1.2,2,159228,3052
0,2.2,2,145258,5179
1,1.6,1,207614,2022
4,1.6,0,55111,20179
0,3.0,0,191536,3458
4,1.6,0,222390,933
4,2.0,1,234299,1307
1,1.4,0,19959,37508
1,1.0,1,287300,433
2,4.0,2,193219,5634
4,1.0,2,311798,293
1,1.0,2,40304,9597
4,2.0,0,100186,9095
4,1.2,2,138607,2766
4,1.4,2,92172,6162
4,1.6,2,129588,5848
1,1.6,2,264924,989
4,1.6,2,49301,13476
3,1.2,2,179016,2914
1,1.8,0,357576,454
2,2.0,2,49786,23191
4,1.0,2,81108,7565
3,1.2,2,157482,4268
4,1.6,2,174710,1650
1,1.0,2,81787,2525
3,1.8,1,62428,23142
1,2.0,0,148819,4230
0,3.0,0,49584,10898
1,1.6,2,87309,5442
4,1.6,0,129468,7956
0,5.0,2,87843,48502
0,5.0,2,222154,5947
3,1.4,2,53883,4162
3,2.2,1,206980,3799
1,1.0,2,101656,2860
2,3.0,2,126718,16004
2,2.6,0,45782,57438
4,1.2,0,32559,8826
1,1.8,0,21764,42108
1,1.8,0,110504,8087
4,1.2,2,118120,1782
3,2.0,1,63312,13692
3,1.2,1,149822,3200
4,1.6,0,235666,1177
1,1.2,2,184669,1717
3,1.0,1,58151,24748
2,3.0,0,86617,21180
4,1.6,0,302024,592
0,3.0,2,20441,53379
2,4.0,2,129513,16323
1,2.0,2,81822,11520
3,2.4,1,144529,13154
3,1.8,1,19017,44797
1,1.4,2,139231,2634
0,2.4,2,21842,39488
3,1.8,1,26951,45815
0,2.0,0,90648,8261
1,1.6,2,175881,1944
1,1.6,0,76733,17705
4,1.4,2,92815,5906
4,1.4,0,80220,10499
4,1.2,2,174366,865
4,1.6,2,63372,10001
2,2.0,2,67676,18092
0,3.0,2,232190,3720
0,2.4,0,85221,14996
4,1.2,2,54215,13822
1,1.2,2,5254,28439
4,1.6,2,190506,1440
1,2.0,0,28420,37763
3,1.4,2,72678,4806
1,1.8,2,127906,2674
0,3.0,0,87509,20151
1,1.0,2,77265,7569
1,1.4,0,78648,14305
1,1.8,2,20244,35719
1,1.6,0,125697,4592
1,1.4,2,136103,4029
2,2.0,2,140207,7597
4,1.4,2,210185,683
4,1.4,2,182166,1394
2,2.6,0,46563,50028
4,1.4,2,191013,1926
4,1.4,2,137170,3691
0,2.0,2,293666,719
0,4.0,2,26070,102575
2,3.0,2,128692,16845
3,1.4,2,148166,4655
4,1.4,2,94144,3210
1,2.0,0,145277,3810
1,2.0,0,270612,901
4,1.4,0,33606,21087
1,1.0,0,135525,4387
4,2.0,0,140213,4792
4,1.2,2,204503,903
1,1.0,1,193576,782
0,4.4,2,109941,31711
0,2.0,0,292571,574
3,1.4,1,93979,16438
4,1.0,2,224106,1062
4,1.4,0,21413,39310
1,1.0,2,55300,11103
4,1.6,0,60586,20827
4,1.0,0,174967,675
4,2.0,2,109695,6237
4,1.6,0,98719,9396
1,1.4,2,131404,3522
4,1.6,2,69381,14463
3,2.0,2,61483,17226
3,1.0,2,75821,8851
3,1.2,2,205741,1447
4,2.0,2,87977,11651
3,1.0,2,139636,3020
1,1.6,0,34433,23161
3,1.4,1,99908,4742
3,1.4,1,40671,32640
3,1.2,2,54395,16651
1,1.0,2,126855,2010
2,4.0,2,20634,70913
4,1.6,2,274051,380
3,2.0,1,113342,5640
1,1.0,2,79041,6995
4,1.0,2,74398,5675
3,1.8,1,230915,1857
3,1.4,1,71538,12102
3,2.2,1,7455,80831
3,1.0,1,295799,461
1,1.6,2,122130,5491
1,1.4,2,67556,12482
0,4.0,2,246899,2490
1,1.4,2,32544,14520
3,1.2,1,29741,26494
1,1.0,2,56920,8101
4,2.0,0,22999,43569
1,1.0,2,78294,9812
1,1.6,1,178160,3616
0,4.0,2,89953,7064
3,2.4,1,134946,7292
3,1.4,1,72559,21806
1,1.0,2,44390,4807
2,4.0,2,50971,47081
1,1.6,1,142689,7247
1,2.0,0,219904,1357
3,1.0,1,44308,23617
4,1.2,2,12095,23949
4,1.4,2,161383,1555
1,1.0,0,120770,6429
4,1.6,0,108730,3955
3,1.4,2,16200,25716
3,1.4,1,101472,3855
4,1.6,2,104548,7568
0,2.0,2,155053,4558
4,1.4,2,225099,489
4,2.0,2,18985,36387
3,1.4,2,32710,23442
1,1.8,0,42313,30606
1,1.4,0,59135,5244
4,1.4,0,120931,3343
1,1.4,0,2164,47076
3,1.8,2,143719,8362
4,1.0,2,67282,10147
3,1.2,2,90761,9983
4,2.0,0,102889,10188
3,1.0,2,58770,5438
3,1.0,1,99215,6897
3,1.0,1,46400,21813
4,1.6,2,37123,14509
3,1.0,1,93423,3692
4,1.6,0,293143,590
4,2.0,0,188922,2303
1,1.0,2,179395,1099
4,1.2,0,148098,3192
4,2.0,2,293643,461
2,2.6,2,36980,80387
3,1.8,1,63889,30785
4,2.0,0,106361,9290
1,1.8,0,136072,4488
4,1.8,2,162484,2707
3,2.0,1,16535,64280
3,1.0,1,35867,5384
3,1.8,1,8120,68163
0,2.0,2,58147,25387
4,1.6,2,41885,19681
0,5.0,2,13591,140340
0,2.4,0,142960,7421
4,1.4,0,69295,13297
4,1.4,2,204381,1043
0,2.4,0,50975,21507
1,1.8,0,187542,3537
1,1.4,2,71373,8976
2,4.0,0,80642,29135
0,5.0,2,154248,10019
4,1.6,0,119648,3891
1,1.4,2,113397,5870
3,2.4,1,107263,15385
4,1.6,0,74875,14510
1,2.0,2,91173,5181
4,1.6,2,184657,2465
4,2.0,2,34643,12607
1,1.6,0,131851,9027
4,2.0,2,28203,22306
1,1.0,2,66621,6656
3,1.0,1,80589,4937
3,1.0,1,39944,25919
1,1.6,0,333464,443
4,1.0,2,21151,18750
3,1.2,1,104086,8904
1,1.2,2,292213,253
3,1.4,1,187590,2049
4,1.6,0,184851,3374
3,1.2,2,39093,19554
3,1.8,1,281856,1013
0,2.0,0,79848,22661
4,1.0,2,44597,10259
2,4.0,2,49542,45842
1,1.0,2,87647,2691
0,2.0,0,228566,1454
1,1.8,0,70754,14977
0,5.0,2,42059,91415
4,1.4,0,247519,816
1,1.0,2,55408,15484
3,1.0,2,18432,17580
3,1.8,1,30278,42053
3,2.4,1,26544,51026
4,1.2,2,200002,740
3,1.0,2,96885,5845
0,2.4,0,53661,18507
1,2.0,0,21119,44955
2,4.0,2,29509,67461
4,1.6,2,67775,4002
0,2.2,2,274969,788
0,2.0,0,141312,5620
4,1.2,2,97682,6448
4,1.0,2,48959,13040
4,1.0,2,214991,1078
4,1.4,0,32592,32290
3,1.0,2,153838,3513
3,2.0,1,257710,2135
1,1.4,2,151292,3334
3,1.2,2,133337,3479
3,1.4,1,19944,44913
3,1.2,2,227917,1268
0,2.2,2,49329,28150
4,1.8,0,79362,13062
4,1.8,1,75786,12274
4,1.4,2,31962,12242
1,1.2,2,107560,3663
0,3.0,2,149545,5737
1,1.4,0,163445,5001
1,1.2,2,114219,5940
4,2.0,2,160583,2792
0,2.0,2,46725,29156
4,1.8,0,72434,23341
1,1.0,2,17093,21344
3,1.0,1,67549,3599
4,1.0,2,22940,21213
4,1.6,2,86912,10500
1,1.0,2,177526,2762
3,1.2,1,122620,3043
4,1.2,0,122306,1586
4,1.6,2,107952,4329
3,1.8,2,171088,5458
2,2.4,2,14070,69526
1,1.6,0,94746,9784
3,2.0,2,100705,8802
4,1.2,2,163757,1970
1,1.6,1,106403,10975
3,1.8,1,123234,12615
4,1.2,0,116906,5700
4,1.6,0,64532,17764
3,1.8,1,22808,35917
1,1.0,2,300179,229
4,1.2,2,86051,5737
3,1.8,1,30794,46103
1,1.0,2,92561,3732
3,1.4,1,201433,2217
3,1.2,1,13527,22199
3,2.2,1,199870,2537
3,1.8,2,65337,27163
4,2.0,0,128611,1949
2,3.0,2,45607,51481
4,1.4,2,191844,2593
4,1.2,0,37411,19649
1,1.8,0,115932,9481
3,2.0,1,78772,17227
3,1.2,2,69909,7229
4,2.0,0,145639,4328
0,2.4,0,53701,31540
1,1.0,2,130541,4646
4,2.0,2,42942,7039
3,1.4,1,52989,21681
2,2.6,2,165822,11580
0,2.4,2,237378,1990
0,2.2,2,37481,26472
1,1.8,0,211681,1584
3,1.0,1,301316,467
4,1.6,0,87721,14189
4,1.8,1,103562,11515
4,2.0,2,81952,11272
1,1.2,2,28008,12908
4,1.2,2,267147,429
3,1.0,1,118330,5592
0,2.4,2,179135,5690
1,1.2,2,32908,6443
4,1.8,0,205353,2004
2,4.0,2,132662,13935
2,2.4,2,100890,14700
4,2.0,0,102990,7642
1,1.4,1,118654,10792
2,2.0,2,118933,8398
1,2.0,0,288518,761
1,1.0,2,231102,908
4,1.6,0,100782,12083
3,1.2,1,63664,18824
3,1.8,1,107090,8694
3,1.4,1,53975,26317
4,2.0,2,246013,941
3,1.4,1,319446,356
4,2.0,0,40723,32193
4,1.2,2,30626,9996
1,1.0,2,205163,1073
1,2.0,0,144141,7491
3,1.8,1,123895,5482
1,1.8,2,78366,16698
3,1.4,1,128222,8517
1,2.0,0,188760,3451
1,2.0,0,212984,1530
4,2.0,0,45664,29228
1,1.4,2,202891,1384
0,2.0,2,20568,38804
4,1.6,0,114647,4008
4,1.6,2,71606,10914
1,1.8,2,109619,7753
0,2.0,0,198506,2839
4,1.2,2,28507,21067
3,1.4,2,91724,8768
1,1.0,0,80887,9468
3,2.0,1,327541,604
4,1.6,0,88544,11550
1,1.2,2,179379,2681
1,2.0,2,215631,2004
4,1.0,2,139142,2200
4,1.6,0,85894,8432
4,1.4,0,53405,16365
3,1.2,1,122626,2663
0,3.0,0,43077,37659
0,2.4,0,65455,22395
3,1.4,1,53935,7962
3,1.4,1,231525,1296
4,1.2,1,52147,13368
4,1.2,0,112062,7223
1,1.6,2,262003,563
1,2.0,1,167908,4715
4,1.8,2,70562,12942
1,2.0,1,81997,8026
3,1.4,1,91908,9156
4,2.0,0,62098,17660
4,1.2,2,165631,1485
4,1.6,2,130382,5086
3,2.4,1,201663,2788
1,1.6,0,136406,2295
4,1.4,2,24430,30141
1,1.4,0,296935,398
3,1.2,1,121206,6847
4,1.8,2,112157,6580
1,1.0,2,65100,9383
3,1.4,1,17850,42501
1,1.6,0,40180,6307
2,2.6,2,29825,89587
4,2.0,2,70110,7729
1,1.6,0,59927,22621
4,1.6,2,116310,6063
1,1.0,2,143015,1819
1,1.6,0,54644,21889
3,1.2,2,45686,18790
3,1.4,2,85432,8576
0,4.4,2,78714,48487
1,2.0,0,64180,17789
4,1.4,0,112309,9705
3,1.4,1,162940,2365
1,1.6,1,57659,16601
1,2.0,0,24918,40799
0,2.4,2,33380,36980
1,1.4,2,183699,2374
3,2.2,1,33279,47000
4,1.8,0,147130,1807
1,1.8,0,96407,3807
3,1.0,1,110628,2652
1,1.0,2,50140,11039
2,3.0,2,114802,13435
4,1.8,0,158711,3656
4,1.6,2,87723,3840
4,1.8,2,135772,2412
3,1.0,1,158276,3786
4,1.2,2,24607,25559
4,1.6,2,18716,30492
1,2.0,0,26830,37758
1,1.8,0,240070,1297
1,1.4,0,188138,1394
3,1.8,1,70036,23526
2,2.6,2,66273,41963
4,1.0,2,167986,1983
1,1.6,2,161626,3061
4,1.6,2,108942,6410
3,1.4,1,205406,966
3,1.2,1,68155,11460
0,3.0,2,228800,2571
1,1.2,2,155188,2061
2,4.0,2,76540,33640
0,2.0,2,45400,31420
2,3.5,2,56172,59397
1,2.0,0,61103,15739
1,1.4,2,139127,1889
4,1.4,2,297422,348
4,1.6,2,138285,4469
4,1.6,2,66103,12102
4,1.8,0,72319,15658
3,1.2,1,27125,30728
1,2.0,2,43165,26998
3,1.0,1,74649,7671
4,1.2,0,87559,12057
0,2.4,2,151315,6177
4,2.0,0,51527,30129
1,1.4,0,9700,19035
3,1.4,1,204469,2466
1,1.6,2,79904,7997
4,1.6,2,199331,1050
1,2.0,2,33801,30513
4,1.6,2,104541,3304
0,2.0,2,247639,794
4,1.0,0,68134,9272
1,1.4,2,15358,39513
1,1.2,2,62026,11211
4,1.6,0,262634,1464
1,2.0,0,17017,43011
2,4.0,2,165863,5289
0,2.4,2,174826,3702
3,1.4,1,85522,11701
1,1.2,1,149258,1091
4,1.8,0,95624,10894
4,2.0,2,130406,4355
4,1.0,2,144671,1723
3,1.8,1,76584,8851
4,1.6,2,90199,7857
3,1.0,1,51334,7816
1,1.6,2,170763,2652
4,1.6,2,11371,31720
1,1.0,2,152135,4018
1,1.0,0,39860,24975
1,1.4,0,181901,2531
3,1.0,1,122382,6167
3,1.8,1,47430,36536
1,1.4,0,91226,9386
4,2.0,0,50628,22743
4,2.0,2,22375,28153
3,1.0,1,14849,41715
4,1.8,0,182836,3406
0,3.0,0,40234,40950
4,1.8,2,100008,8796
4,1.8,2,143241,3390
1,1.0,2,225216,1064
3,1.0,1,55314,19301
4,2.0,2,15881,43146
0,4.4,2,216993,5844
3,1.4,1,154931,4308
1,1.6,0,103379,5814
3,1.8,1,53321,32948
1,1.4,2,79701,11946
3,1.2,1,97463,2633
2,2.0,2,143853,5650
1,1.8,2,90140,7319
3,1.4,1,280764,824
1,1.6,0,141663,4897
4,1.8,0,136942,6092
4,1.2,1,43105,16151
4,1.2,2,92320,5487
4,1.6,2,34772,12875
1,1.8,0,164481,3525
4,1.6,2,171039,1533
1,1.4,2,73834,3277
3,1.0,2,42621,9591
3,1.4,1,183107,2985
4,2.0,2,21917,23108
3,1.0,1,93885,7137
1,1.8,1,156853,2692
3,1.4,1,244462,1012
4,2.0,2,7854,37179
0,4.0,2,20670,18679
1,1.0,2,124592,3140
3,1.2,2,103482,2565
0,3.0,0,65259,16805
1,1.8,0,18751,42812
1,1.0,2,22213,13911
0,3.0,0,156658,4351
3,1.8,1,104560,5555
0,2.4,2,71356,13092
3,1.8,1,202293,1369
1,1.8,2,37709,24531
1,1.0,2,157834,945
2,2.2,2,172529,8241
1,1.4,2,59591,12302
0,4.4,2,188810,7497
2,2.6,0,71217,16789
4,1.0,2,52291,7009
3,1.0,2,60311,10487
1,2.0,0,102232,11073
1,2.0,0,128379,5692
0,2.2,2,30834,38409
3,1.4,1,200563,1607
4,1.8,2,141977,5462
1,1.4,2,98489,5167
2,2.6,2,35700,92549
3,1.8,1,99069,15130
1,1.4,2,91220,7895
2,2.4,2,84982,17612
3,2.0,1,180534,2343
1,2.0,0,79926,16949
4,1.6,1,116040,7572
1,2.0,0,198233,2433
4,1.4,0,31167,34802
4,1.4,2,77093,6593
0,4.0,2,31299,71336
2,3.0,2,151420,8803
4,1.6,0,15746,33200
4,2.0,2,150833,3696
4,1.8,0,151431,5419
3,1.4,1,134748,4459
0,3.0,2,295037,1136
0,4.4,2,14070,140366
1,1.4,2,107430,6562
4,1.6,2,64344,23641
4,2.0,0,127923,4623
1,1.2,2,104081,3759
4,1.4,2,27558,25399
3,1.0,1,89971,4028
3,1.0,1,112795,3642
3,1.4,2,133810,1922
3,2.2,2,34972,31751
3,1.8,1,106894,14282
3,1.4,1,16368,35229
3,2.4,2,47154,35217
4,1.6,2,208457,2792
3,2.4,1,50331,38765
4,2.0,2,44227,25745
3,1.4,1,26744,23833
3,2.0,1,74087,12745
3,1.2,1,102434,9634
1,1.4,2,82694,13370
1,1.0,0,118502,4102
1,1.2,2,19592,24655
4,1.8,0,76792,14887
1,1.4,2,47274,15191
1,2.0,2,85506,10408
3,1.4,1,155427,4014
1,1.4,0,167736,2647
3,1.0,1,204400,1398
3,1.8,1,60076,17997
4,1.4,0,78287,12405
2,2.4,2,47014,44054
0,4.0,2,153596,12574
4,1.4,2,195228,1967
0,2.2,2,91452,15220
0,4.0,2,98972,16835
3,1.2,2,62068,13872
1,1.4,2,313731,672
3,1.0,2,145747,3754
4,1.8,0,109156,9226
1,1.4,2,332430,227
4,1.4,0,35985,22229
3,1.4,1,221680,1417
4,1.4,2,83461,7005
3,1.2,1,108480,9212
4,1.4,2,107117,5320
0,2.4,0,5063,71030
3,1.2,1,34347,25796
3,2.0,1,148712,7780
3,1.0,2,255196,737
0,2.4,0,98950,13593
1,1.0,2,64774,14576
3,1.8,2,71342,22843
3,2.0,1,7987,76857
4,1.0,0,68019,7107
3,2.2,2,115772,5911
1,1.8,2,115970,9026
4,1.8,0,28530,23034
4,1.2,2,138515,3381
3,1.8,1,210814,1705
3,1.0,1,53006,22378
4,1.2,2,243498,746
1,1.4,2,33603,29204
1,1.6,0,70518,24108
4,2.0,2,309630,360
0,2.0,2,34663,16898
3,1.0,1,105133,4123
1,1.4,2,94259,13169
3,1.4,2,158084,1476
1,2.0,1,195599,3972
1,1.8,0,13479,36064
1,1.0,2,150203,4082
4,1.6,0,124522,3406
1,1.4,2,41748,12034
2,3.0,2,174736,6331
4,1.4,2,316328,254
4,2.0,0,93283,8945
1,1.6,0,92446,9391
4,1.6,2,54031,13985
1,1.0,2,40236,13400
3,1.0,2,70117,6165
4,1.2,2,43872,15754
4,1.4,0,127561,2383
4,2.0,2,59739,14648
1,1.8,0,60206,22405
1,1.6,0,27414,33660
0,2.4,0,66889,30960
3,2.2,2,17447,59758
3,1.8,1,167854,5357
0,3.0,2,57379,25582
3,1.8,1,98906,12887
3,1.0,1,88126,4381
0,2.4,2,98786,11548
3,1.0,1,52987,11540
4,1.8,0,55535,20919
3,1.8,1,147252,3052
1,1.6,0,78042,7884
3,2.2,1,35448,43415
3,1.4,1,43893,29946
4,1.4,0,53511,10962
4,1.6,0,132222,1540
2,2.4,2,322971,483
3,1.2,1,85798,5959
4,1.4,0,130295,9031
3,1.4,1,207282,1723
3,1.0,1,168339,2504
1,1.4,0,126392,2837
1,1.8,0,100501,3425
3,1.2,1,199231,826
2,2.6,2,69365,57375
4,1.8,0,192455,988
1,1.8,0,158889,2829
0,2.2,2,118679,7801
3,1.4,1,34908,33775
4,1.2,0,83474,3994
2,4.0,2,145140,10699
3,2.0,2,30451,37961
0,3.0,0,90328,9487
3,1.4,1,13087,38327
3,1.8,1,46955,21497
4,1.0,2,162993,1482
1,1.8,2,108377,5607
3,2.4,2,80839,21637
4,1.6,2,105711,4705
3,1.4,1,149848,6701
4,2.0,2,55011,13599
0,2.0,2,48480,16920
4,1.6,2,192938,1894
2,2.4,2,102024,17806
2,4.0,2,84093,37807
4,1.4,2,68696,7747
0,2.4,2,80625,18336
4,1.4,0,62182,4754
1,1.2,2,93694,7898
1,1.4,1,67876,11786
0,4.0,2,28721,77391
1,1.8,2,125764,6411
3,1.2,2,91061,3664
3,2.4,1,112049,15867
3,1.8,1,42780,45912
4,2.0,0,100934,4865
1,1.8,2,36223,34539
4,1.6,2,53598,21728
1,1.2,2,109619,2585
1,1.4,2,48174,25030
2,4.0,2,248160,2016
1,1.0,2,106068,3864
1,1.4,2,184706,1577
1,1.0,2,104775,5444
3,1.4,1,100476,7076
3,1.8,1,36911,25370
4,1.6,2,143844,2680
3,1.4,1,8085,36811
4,1.6,2,13754,28212
1,1.0,2,157340,2758
1,1.4,2,52718,8373
1,1.2,2,110402,5350
1,1.8,2,56093,10619
2,2.4,2,17262,63933
3,2.0,1,124471,10783
4,2.0,2,166729,3956
1,1.4,2,125149,6129
4,1.0,2,218148,1048
4,1.0,0,134333,1720
2,2.0,2,64941,27481
4,1.4,2,229700,1160
1,1.2,1,185125,1920
3,1.2,2,147185,1145
1,1.2,2,225698,700
1,1.4,0,172904,2896
1,2.0,0,79624,12282
1,1.8,2,178988,2453
1,1.8,0,46770,18678
4,1.8,2,163281,3754
4,2.0,0,152804,2899
1,1.2,2,34857,18510
1,1.0,2,28322,17548
1,1.4,0,51901,18232
4,2.0,2,87604,8947
1,1.2,1,133596,2110
3,2.4,1,111655,8733
1,1.6,0,75707,21777
1,1.0,2,91181,8388
4,1.4,2,215451,1112
4,1.2,2,18111,25509
1,1.6,2,78582,12040
0,3.0,2,24760,56710
3,2.0,1,125292,6719
0,4.0,2,30902,44836
4,1.6,2,97700,4668
2,3.5,2,72180,17243
0,4.0,2,130710,11580
4,1.8,2,203472,2709
4,1.4,2,170248,2788
1,1.2,2,170034,2377
1,1.8,2,49312,13536
3,2.0,1,43027,45206
3,1.2,2,75588,11861
1,1.8,0,97704,12521
3,1.2,1,34599,5559
2,2.0,2,43128,15149
4,1.4,0,91031,11346
4,1.2,2,73855,10637
4,1.4,0,71477,15868
4,2.0,0,41216,18453
4,1.4,0,174932,3214
1,1.8,2,204328,2745
0,2.0,0,148471,6060
1,1.0,2,132786,3364
4,1.8,0,15237,10635
4,2.0,0,229426,978
1,1.0,2,46544,14736
4,1.6,0,210194,1213
4,1.4,2,49674,14925
4,1.4,0,62095,8668
3,1.4,2,316594,286
3,1.0,2,123348,2014
0,2.2,2,148492,2768
0,4.4,2,118159,21350
4,1.4,0,28249,30972
1,1.4,0,24652,24721
4,1.4,1,171292,3250
1,1.2,2,120449,4637
4,1.8,2,228312,1522
1,1.8,0,97714,7278
4,1.0,2,84410,2380
3,1.4,1,229357,832
1,2.0,0,262514,1049
1,2.0,2,147627,6125
4,1.4,0,252900,1831
0,4.4,2,108396,24571
4,1.6,2,145292,2298
4,1.4,2,169968,1889
0,5.0,2,51409,61843
4,1.8,0,137849,7897
3,1.4,2,187377,2397
3,2.4,1,161014,4517
4,2.0,0,311184,426
4,2.0,2,112578,4373
0,2.0,2,150915,9185
4,1.4,2,127387,4427
4,1.6,0,50618,9327
3,1.8,1,278865,1083
4,2.0,2,273412,826
1,1.0,2,217676,1699
1,1.4,2,130905,3406
2,2.2,2,366648,652
3,1.0,1,48540,23011
4,1.6,0,34844,23924
0,4.4,2,41211,57778
1,2.0,1,55196,27871
4,1.6,0,161333,2893
1,1.2,2,75454,12523
1,1.0,0,8247,38919
1,2.0,2,209429,1854
4,2.0,2,205478,2167
1,2.0,0,66238,14238
1,1.4,2,62887,9223
4,1.4,0,1757,49838
3,1.8,1,19251,44740
0,3.0,0,38708,44174
1,1.2,2,96262,2496
3,1.2,2,231639,672
1,1.2,2,33108,16366
3,1.2,1,200274,2380
3,1.8,1,228748,2313
4,1.4,0,165603,2492
3,2.0,1,34616,27883
1,2.0,2,239434,947
1,1.0,2,6316,25820
3,1.8,1,212899,3981
1,1.2,2,83148,4087
1,1.8,0,182712,1893
3,1.4,2,119814,2449
3,1.4,2,82643,8180
4,1.6,2,30282,26733
3,1.0,1,86902,5050
3,1.8,1,156076,2839
0,2.0,0,133207,3517
4,1.6,2,274282,495
1,1.4,0,294223,737
1,1.6,2,129629,8185
1,1.8,0,148691,5245
3,1.8,1,189028,2697
4,1.0,2,180111,981
4,1.2,2,39177,10555
3,1.2,1,120618,4928
1,1.4,2,182202,2937
1,1.4,0,142068,3397
0,3.0,2,19622,58351
1,1.4,2,46797,11670
1,1.2,1,276979,400
1,2.0,0,243037,1245
4,1.8,2,126187,4149
0,2.4,0,76998,20726
4,2.0,2,214424,934
2,3.5,0,24372,66130
1,1.8,0,229004,2447
1,1.6,2,37124,21912
4,2.0,2,214365,1533
3,2.2,1,80638,23288
3,1.4,2,184443,1105
4,1.6,2,72003,10885
3,2.4,1,101554,12292
1,1.8,0,5000,28875
1,2.0,2,65871,13718
2,2.6,2,92426,30674
1,1.8,0,177695,3181
1,1.8,1,155411,3557
4,1.6,0,85753,8842
1,1.4,0,97829,14404
3,2.2,2,63014,28524
0,3.0,2,111679,10270
1,2.0,2,62159,18351
3,1.0,1,237910,1105
3,1.8,1,105333,9415
1,2.0,2,18372,43465
3,1.4,1,70417,22122
2,2.4,2,263768,1444
4,1.8,0,130161,7852
3,1.0,1,105569,6131
0,3.0,0,121523,4719
4,1.4,2,46322,13725
3,1.8,1,33916,45276
4,1.6,2,89159,6730
4,2.0,2,52088,26749
0,2.2,2,192183,3984
3,1.8,1,61112,33508
3,1.0,1,157475,3811
4,2.0,2,265801,525
3,1.0,2,86320,5517
4,1.6,2,45304,20606
3,1.8,1,31851,40103
0,2.0,0,193981,2763
3,1.0,1,136309,2324
4,2.0,2,38210,25482
3,1.4,1,63382,8010
1,1.8,0,248297,1374
1,1.6,2,57873,25173
3,1.8,1,71157,27445
4,1.6,2,103775,7395
2,2.6,2,125621,15027
0,2.0,2,86243,12328
4,1.4,2,105306,4129
4,1.4,2,135441,1905
4,1.4,0,169556,1974
0,2.4,0,187936,2792
4,2.0,2,113882,6905
1,1.6,2,71971,8941
0,3.0,2,75816,22649
1,1.4,2,67415,19366
1,1.2,2,56338,4573
1,1.0,2,220840,625
1,1.0,2,126362,6267
4,1.8,0,39615,6207
3,2.2,1,129250,10895
4,1.4,2,58564,6525
1,2.0,2,150968,2505
4,2.0,2,19101,36364
0,3.0,2,93394,17528
4,2.0,0,129028,6396
1,1.0,2,300279,341
4,1.2,2,64774,13803
1,1.6,0,197620,2339
3,2.4,1,123132,9772
1,1.8,0,81668,16982
1,1.0,2,188757,1415
1,1.8,1,110804,5410
1,1.4,0,39673,25891
3,1.4,1,26795,29102
3,2.4,1,154461,9930
4,1.4,0,180359,1764
3,1.8,1,49300,22017
1,1.6,0,236466,2035
2,2.4,2,81813,11291
3,1.4,1,82356,11191
0,2.2,2,61332,26084
0,4.4,2,157046,9184
1,1.2,2,83144,7961
4,1.4,0,108446,9347
0,4.4,2,118586,24315
4,1.8,2,61739,7528
1,1.0,2,275870,814
4,1.8,0,77514,22550
1,1.4,2,165745,1196
4,1.8,0,129841,3309
4,1.4,2,87620,9495
4,1.2,2,235017,1203
3,1.4,2,136143,1886
1,1.6,2,134527,2558
3,2.4,1,178985,3396
1,1.2,2,177547,1398
3,1.2,2,127585,4159
3,2.0,1,84809,11837
3,2.2,1,14258,59730
4,1.4,0,26227,22643
4,1.6,2,163687,2780
4,2.0,2,275622,607
1,1.4,0,93745,4732
3,1.8,1,146392,7521
2,2.4,2,75767,24506
1,1.2,2,287183,452
3,2.4,1,119563,11477
1,2.0,0,99891,14842
1,1.8,2,387874,304
4,1.4,2,169466,3143
3,1.8,1,45184,34655
4,1.4,0,41399,17981
4,2.0,2,98891,12204
1,1.8,0,53000,23459
4,1.8,2,17736,34756
1,1.8,0,39298,7685
0,2.2,2,131881,4719
1,1.2,0,86665,8156
1,1.4,0,194092,2412
4,1.6,2,192430,3216
4,1.6,0,45390,17202
3,2.4,1,31006,53170
2,2.2,2,26868,52556
3,2.2,1,194690,3033
3,1.0,1,141139,2731
1,1.4,0,85682,13749
4,1.4,1,200169,1587
3,1.4,2,77183,9080
1,1.4,2,108078,7462
3,1.0,2,147300,1780
1,1.6,0,180366,3319
4,1.4,0,147213,4050
3,1.4,1,31384,34475
1,1.6,2,148460,2445
0,3.0,2,127489,8359
3,1.0,1,177518,4493
0,3.0,0,67864,28157
2,4.0,2,5962,118543
4,1.2,2,161362,1539
2,2.0,2,99109,20282
0,3.0,0,64382,28812
3,1.2,1,100478,8002
4,1.8,0,196182,2323
1,1.4,2,217948,927
1,1.4,2,40170,18124
1,1.4,2,221179,2358
1,1.8,0,126661,8808
2,2.4,2,137976,5312
3,1.4,1,284705,569
1,1.8,0,50432,25483
4,2.0,0,245433,1261
3,1.8,1,80054,3398
4,2.0,0,137020,6004
0,3.0,0,88695,7351
4,1.2,2,36804,12589
4,1.4,2,21263,20741
2,3.5,2,107705,24378
0,2.0,2,93076,9615
4,1.6,2,172695,1158
0,5.0,2,50182,66615
3,2.4,1,52330,40922
0,2.4,2,146910,4671
4,1.6,2,72788,13225
3,1.8,1,159743,4226
4,1.2,2,5596,28309
1,1.8,2,398984,272
2,4.0,2,103459,22746
4,1.2,0,20813,29299
4,1.8,2,115534,7182
3,1.2,2,82934,9232
4,1.0,2,127869,4101
2,2.6,2,249291,3959
3,1.4,1,240845,1190
4,1.4,2,121729,5090
1,1.2,2,205791,641
4,1.4,0,113304,9633
1,1.8,0,39748,27452
4,2.0,0,76298,4150
0,2.4,2,30962,37502
4,1.2,2,63991,7614
4,1.2,2,39668,16782
4,1.2,2,114429,5326
1,1.8,0,228685,1102
3,1.2,2,157966,2493
3,1.2,1,169490,2224
2,3.0,0,58435,33433
4,2.0,1,166211,5294
1,1.4,2,106701,6350
4,1.8,0,44917,17467
3,2.4,2,44118,40995
3,2.2,2,208487,2557
4,1.4,2,70117,6049
4,1.4,2,13990,23066
4,1.6,0,77519,5604
3,2.4,1,54808,35258
3,1.8,1,64815,14287
1,2.0,0,129210,6101
4,2.0,0,95068,16092
1,2.0,0,34940,38517
1,1.2,2,61226,13764
4,1.8,0,129247,2909
4,2.0,0,41215,28091
3,1.2,1,56205,18479
0,2.4,2,18187,18103
3,1.8,1,147331,4550
1,1.6,0,11676,41930
0,2.0,2,98644,14728
1,2.0,2,74909,3889
2,2.0,2,143320,7919
1,2.0,0,46537,6348
4,1.4,2,155236,4044
1,1.6,2,157812,2264
4,1.2,2,26728,19908
1,2.0,2,71346,18460
4,1.6,2,145351,5011
4,1.8,2,260170,1014
4,2.0,0,52241,32062
0,3.0,2,80934,26708
4,2.0,0,230122,1295
1,1.0,2,25731,19777
4,1.2,2,182496,1250
4,2.0,0,198931,1794
4,1.0,2,77055,8889
0,2.0,2,179566,3245
0,2.4,2,149908,4558
4,1.2,2,13434,26161
3,1.4,1,288484,449
4,2.0,2,57672,12991
3,1.8,1,203902,2705
4,1.6,2,85352,7116
3,2.4,1,203197,3359
1,1.4,2,72813,9867
1,1.2,1,70440,2103
3,1.2,2,15412,22368
1,1.0,2,44852,11085
1,1.4,0,18372,30977
1,2.0,0,185821,2220
4,1.2,0,118806,4917
4,2.0,0,256228,462
2,3.0,2,143278,10732
3,2.4,1,117425,11667
4,1.8,2,71138,5793
1,1.2,2,30160,20333
4,1.6,2,71517,14808
4,1.6,2,56143,4156
4,1.0,2,124854,2633
2,3.5,2,134759,6380
4,1.0,2,24579,14089
1,1.0,2,164580,1988
4,1.6,0,186800,3790
1,1.0,2,138953,3203
2,3.0,0,8500,36613
0,5.0,2,170270,5875
3,1.8,2,68816,24833
3,1.4,2,102953,9234
1,1.4,0,67203,5685
4,1.4,0,101162,9228
1,1.4,2,165572,2666
3,1.4,2,101773,3915
1,2.0,0,131822,2038
4,1.8,0,65205,21434
4,1.0,2,91831,4702
4,2.0,2,126347,2397
4,1.0,2,132947,2312
3,1.4,1,67486,19827
1,1.0,2,51622,14279
3,1.0,2,46927,12197
1,1.4,2,33832,22982
3,1.0,1,242443,759
1,1.0,0,114588,4518
3,1.8,1,196582,2296
4,1.6,0,116877,3018
1,1.4,2,258542,598
4,2.0,2,60623,10741
1,1.4,0,94991,16647
1,1.4,0,102212,12097
1,1.4,2,32754,20240
4,1.6,0,22122,36634
4,1.4,0,122053,10295
1,1.0,2,89062,4090
4,1.0,2,144412,1846
1,1.0,2,114687,3169
3,2.2,1,90764,14539
0,4.4,2,129419,7694
3,1.8,1,95779,11538
2,2.4,2,33758,50986
1,2.0,0,161141,2763
1,1.6,0,254613,819
1,1.8,2,124447,7984
4,2.0,0,32794,23690
4,1.8,2,20879,31959
3,1.4,1,171773,1478
3,1.4,1,118032,7090
4,1.4,2,79849,11789
1,1.4,2,19725,24894
3,2.0,1,87465,22630
1,1.4,2,14236,25647
3,2.2,2,86841,19866
0,2.0,2,113905,7216
1,1.2,2,100034,3873
4,1.6,2,47565,18471
1,1.0,2,133561,2738
4,1.8,0,50482,16540
0,4.4,2,161830,10780
1,1.4,0,155019,3364
3,1.0,1,206447,1916
3,1.0,1,28659,19924
1,1.4,2,53714,14593
0,4.4,2,238709,5130
0,4.4,2,60276,51296
3,1.2,2,239579,764
2,2.6,2,170417,6122
3,1.4,1,67071,19797
3,2.0,1,116749,17071
4,1.6,0,148497,5233
1,1.4,2,56407,12555
1,1.4,0,62327,12221
1,2.0,0,37479,29331
4,2.0,2,128234,2778
4,1.4,0,149419,3191
0,4.0,2,131948,12258
3,1.4,1,120648,14405
3,1.4,2,183150,914
3,1.2,2,88435,12396
1,1.6,0,23472,34416
1,1.8,0,10769,39108
3,1.4,1,36266,33506
1,1.2,2,65161,10983
1,2.0,0,296893,471
2,3.0,2,160305,19433
1,1.4,0,55851,11151
1,1.6,0,27887,24053
3,1.0,1,12867,19025
4,1.4,2,30260,11566
1,1.8,2,40560,11690
4,1.8,0,163326,2358
3,1.8,1,39115,37356
1,1.8,0,87186,15285
1,2.0,0,76036,15234
1,1.4,1,144815,5104
4,1.6,2,57451,19835
2,4.0,2,18392,82031
1,2.0,0,92331,13594
1,1.2,2,64561,6469
4,1.6,0,35687,18766
3,2.4,1,254327,1729
4,1.6,2,27157,27215
0,2.0,0,18968,52715
4,1.4,1,61440,11141
4,1.6,0,71833,12703
4,1.6,0,95548,3780
4,1.6,2,105636,3503
1,1.2,2,159705,2771
1,1.6,2,185525,2854
4,1.0,2,222606,771
1,1.0,2,7837,14059
1,1.8,0,121208,4413
3,1.8,1,63181,20731
4,1.8,0,136499,7983
1,1.6,0,106789,10941
1,1.6,0,270574,1375
4,1.4,2,237343,798
4,1.4,0,41284,25112
3,1.4,1,163264,2368
4,1.8,2,161531,3333
3,1.8,1,43011,30732
0,5.0,2,122612,18006
4,1.8,0,119120,11169
3,1.2,2,290456,475
1,1.0,2,42706,23382
1,1.6,2,172076,4182
3,1.2,2,270963,797
2,3.5,2,110347,27310
1,1.4,2,97851,6778
1,1.8,0,141667,6344
3,1.8,1,75460,19850
4,1.6,2,229431,779
0,2.4,2,112079,9158
4,1.0,2,119712,1503
0,3.0,0,44787,45521
4,2.0,0,172024,3160
2,2.4,2,33426,47791
1,2.0,0,90800,4730
3,1.4,1,140841,3462
4,1.0,2,73727,8506
3,1.0,1,102977,10653
2,2.6,2,67439,26149
3,1.4,1,25793,35593
3,1.8,1,222412,2084
4,2.0,2,21524,21665
3,1.2,1,46332,21011
1,2.0,0,65544,17470
4,1.0,2,107726,4187
3,1.4,1,123357,3975
4,1.0,2,212205,905
1,1.4,0,36154,31996
4,1.0,2,237425,770
4,2.0,0,120613,4005
4,2.0,0,163156,7234
1,2.0,0,128039,6971
4,2.0,0,100052,11120
1,1.8,0,203808,2349
1,1.2,2,79566,7142
3,2.0,1,198268,2622
3,1.8,1,22825,42212
3,1.4,1,229196,1324
4,1.6,2,63006,14112
3,1.0,1,234260,769
4,1.2,2,53409,15875
3,1.8,1,43038,37531
1,1.0,2,19485,30548
1,1.8,2,83424,17235
3,1.4,1,115967,4207
1,1.8,0,58749,26080
0,2.0,2,301244,669
3,1.0,2,90081,7014
0,2.0,0,29062,29226
4,1.8,0,149828,2953
1,2.0,0,97935,9355
1,1.8,0,97523,14195
1,1.4,0,88742,11668
3,1.0,1,45147,19237
4,1.8,0,121795,6005
0,2.0,2,188718,2296
4,2.0,2,34014,23057
3,1.4,1,143360,6209
0,3.0,2,16354,55568
4,1.6,0,115149,2804
3,1.0,1,78386,11873
0,4.0,2,93153,36558
4,2.0,1,25017,36957
4,2.0,0,169042,3778
3,1.0,1,129425,2157
4,2.0,0,112170,5962
3,2.0,1,138340,9666
4,1.6,2,39111,16384
4,1.4,0,192820,2577
3,1.2,1,93729,5633
3,1.2,2,85654,2916
4,1.4,2,37644,20964
3,1.8,1,188455,3218
0,2.4,0,192721,2051
1,1.4,0,152304,5485
2,2.0,2,97393,20537
3,1.2,1,35261,24004
0,3.0,2,109342,16667
2,2.2,2,5226,131467
4,2.0,0,252426,648
0,5.0,2,21152,134691
1,1.2,2,23212,19785
4,1.2,0,104436,8174
1,1.6,2,78411,16823
1,2.0,2,53995,22095
3,2.2,2,184766,2756
4,1.6,2,19569,27337
4,1.2,0,245418,422
2,3.5,2,125197,16341
2,2.0,2,17944,47606
1,1.2,2,168547,885
1,1.8,2,95401,11240
4,1.4,0,98738,10733
4,1.0,2,193695,997
1,1.4,2,112714,6936
1,2.0,0,60681,13812
3,1.0,1,81281,16243
1,2.0,0,157948,2630
4,1.4,2,226687,1301
3,2.2,1,50566,37060
4,1.0,2,121022,3785
0,2.4,2,58602,22702
3,1.8,1,93604,19225
1,1.0,2,183342,994
0,4.0,2,130738,10132
4,1.4,2,139842,2874
1,1.8,0,38215,25681
3,2.0,1,33283,51203
3,2.2,1,175333,2936
3,2.0,1,59725,29179
1,1.4,2,227371,1112
3,1.8,1,50243,31423
3,1.4,2,59295,14271
1,1.2,2,282453,505
1,1.0,2,59342,10121
4,1.2,2,158600,3280
4,1.4,0,62868,11035
4,1.6,2,219433,719
0,3.0,0,193391,4155
1,2.0,0,147478,5272
1,1.0,0,22781,24124
1,2.0,0,61228,26808
1,1.6,0,124952,3505
0,2.0,2,68915,12148
1,1.8,0,80340,8231
3,1.4,1,197980,2000
4,1.8,1,56706,20768
4,1.2,2,30156,18264
3,1.0,2,178566,1371
3,2.4,1,256291,1301
3,2.2,1,47760,49236
4,2.0,2,109942,6654
4,1.8,0,176419,2579
4,1.4,0,113885,4066
3,1.0,1,143799,3067
1,1.8,2,112992,4475
3,1.8,1,190694,3470
4,1.8,2,84855,12800
3,1.4,1,83062,9157
4,2.0,2,120849,3491
3,1.0,1,183403,1571
1,1.4,0,10551,42175
4,1.4,2,13954,27379
3,1.0,1,110737,3460
1,2.0,2,230386,1257
0,2.4,0,275595,902
